<?xml version="1.0" encoding="utf-8"?>
<eml:eml xmlns:eml="eml://ecoinformatics.org/eml-2.1.1" xmlns:xsi="http://www.w3.org/2001/XMLSchema-instance"
         xsi:schemaLocation="eml://ecoinformatics.org/eml-2.1.1 http://rs.gbif.org/schema/eml-gbif-profile/1.2/eml.xsd"
packageId="0cee7be4-7a49-47d6-812c-c52f435ef785"  system="http://gbif.org" scope="system"
xml:lang="en">

    <dataset>
            <alternateIdentifier>10.15468/c5bb4y</alternateIdentifier>
                <alternateIdentifier>0cee7be4-7a49-47d6-812c-c52f435ef785</alternateIdentifier>
                <alternateIdentifier>https://collections.ala.org.au/public/show/dr17465</alternateIdentifier>
                <alternateIdentifier>caf07cfb-97ef-3673-96fd-6fe2ec291568</alternateIdentifier>
        <title>Echidna-CSI</title>
            <creator>
<organizationName>BioCollect</organizationName>            </creator>
            <metadataProvider>
<organizationName>BioCollect</organizationName>            </metadataProvider>
            <associatedParty>
<organizationName>Atlas of Living Australia</organizationName>            <address>
<deliveryPoint>CSIRO Ecosystems Services</deliveryPoint><city>Canberra</city><administrativeArea>ACT</administrativeArea><postalCode>2601</postalCode><country>AUSTRALIA</country>            </address>
<electronicMailAddress>info@ala.org.au</electronicMailAddress>            <role>DISTRIBUTOR</role>
            </associatedParty>
            <pubDate>
                2023-07-01
            </pubDate>
        <language>ENGLISH</language>
            <abstract>
                    <para>Although an iconic native Australian animal, we do not know much about echidnas’ wild populations, as they are extremely hard to find (when you’re actually looking for them).
​However, we know that there are many of you that have seen wild echidnas (sometimes even in your own backyard!) and taken photos or videos of them.
With your help and photo taking abilities we can start filling in the gaps about wild echidnas in Australia.
What we also need help with is collecting echidna scats (which is a nicer way of saying poo). Why? Because we can get a lot of information about echidnas through the molecules in their scats. We can get out DNA and hormones to tell us who that echidna is, if it’s healthy, stressed or reproductively active. And so we can learn more about these wild populations without having to track or capture any of these animals. ​</para>
            </abstract>
            <intellectualRights>
                    <para>This work is licensed under a <ulink url="http://creativecommons.org/licenses/by/4.0/legalcode"><citetitle>Creative Commons Attribution (CC-BY) 4.0 License</citetitle></ulink>.</para>
            </intellectualRights>
            <distribution scope="document">
                <online>
                    <url function="information">https://collections.ala.org.au/public/show/dr17465</url>
                </online>
            </distribution>
            <contact>
<organizationName>Atlas of Living Australia</organizationName>            <address>
<deliveryPoint>CSIRO Ecosystems Services</deliveryPoint><city>Canberra</city><administrativeArea>ACT</administrativeArea><postalCode>2601</postalCode><country>AUSTRALIA</country>            </address>
<electronicMailAddress>info@ala.org.au</electronicMailAddress>            </contact>
            <methods>
                    <methodStep>
                        <description>
                            <para>Echidna CSI - Observation Photos of Echidnas method:
opportunistic
Opportunistic/ad-hoc observation recording

Echidna CSI - Scat Sample Collection method:
opportunistic
Opportunistic/ad-hoc observation recording

Echidna CSI - Other Evidence of Echidnas method:
opportunistic
Opportunistic/ad-hoc observation recording</para>
                        </description>
                    </methodStep>
                    <qualityControl>
                        <description>
                            <para>Echidna CSI - Observation Photos of Echidnas data quality description:
Data quality assurance methods: dataownercurated, systemsupported, subjectexpertverification
Echidna CSI - Scat Sample Collection data quality description:
Data quality assurance methods: dataownercurated, systemsupported, subjectexpertverification
Echidna CSI - Other Evidence of Echidnas data quality description:
Data quality assurance methods: dataownercurated, systemsupported</para>
                        </description>
                    </qualityControl>
            </methods>

    </dataset>

    <additionalMetadata>
        <metadata>
            <gbif>
                <dateStamp>2023-08-15T23:27:21Z</dateStamp>
                <citation>BioCollect (2023). Echidna-CSI. Occurrence dataset https://doi.org/10.15468/c5bb4y accessed via GBIF.org on 2023-08-15.</citation>
                    <resourceLogoUrl>https://collections.ala.org.au/data/dataProvider/bc-brandmark-final_logo-stackedfc.png</resourceLogoUrl>
            </gbif>
        </metadata>
    </additionalMetadata>

</eml:eml>
