<?xml version="1.0" encoding="utf-8"?>
<eml:eml xmlns:eml="eml://ecoinformatics.org/eml-2.1.1" xmlns:xsi="http://www.w3.org/2001/XMLSchema-instance"
         xsi:schemaLocation="eml://ecoinformatics.org/eml-2.1.1 http://rs.gbif.org/schema/eml-gbif-profile/1.2/eml.xsd"
packageId="5c88c333-373d-46bb-8e22-5a2f50913ed0"  system="http://gbif.org" scope="system"
xml:lang="en">

    <dataset>
            <alternateIdentifier>10.15468/jqg4g8</alternateIdentifier>
                <alternateIdentifier>5c88c333-373d-46bb-8e22-5a2f50913ed0</alternateIdentifier>
                <alternateIdentifier>https://collections.ala.org.au/public/show/dr8128</alternateIdentifier>
                <alternateIdentifier>ba6c9407-6165-3896-a97e-e99e834d9852</alternateIdentifier>
        <title>Australian Platypus Conservancy</title>
            <creator>
<organizationName>Australian Platypus Conservancy</organizationName>            </creator>
            <metadataProvider>
<organizationName>Australian Platypus Conservancy</organizationName>            </metadataProvider>
            <associatedParty>
<organizationName>Atlas of Living Australia</organizationName>            <address>
<deliveryPoint>CSIRO Ecosystems Services</deliveryPoint><city>Canberra</city><administrativeArea>ACT</administrativeArea><postalCode>2601</postalCode><country>AUSTRALIA</country>            </address>
<electronicMailAddress>info@ala.org.au</electronicMailAddress>            <role>DISTRIBUTOR</role>
            </associatedParty>
            <pubDate>
                2023-07-14
            </pubDate>
        <language>ENGLISH</language>
            <abstract>
                    <para>The platypus is one of the world’s most remarkable animals. The Australian Platypus Conservancy is working hard to unlock some of the key scientific mysteries which still surround the species. In particular, the Conservancy is conducting a wide range of research projects, conservation programs and environmental education initiatives.</para>
            </abstract>
            <intellectualRights>
                    <para>This work is licensed under a <ulink url="http://creativecommons.org/licenses/by/4.0/legalcode"><citetitle>Creative Commons Attribution (CC-BY) 4.0 License</citetitle></ulink>.</para>
            </intellectualRights>
            <distribution scope="document">
                <online>
                    <url function="information">https://collections.ala.org.au/public/show/dr8128</url>
                </online>
            </distribution>
            <contact>
<organizationName>Atlas of Living Australia</organizationName>            <address>
<deliveryPoint>CSIRO Ecosystems Services</deliveryPoint><city>Canberra</city><administrativeArea>ACT</administrativeArea><postalCode>2601</postalCode><country>AUSTRALIA</country>            </address>
<electronicMailAddress>info@ala.org.au</electronicMailAddress>            </contact>
            <methods>
            </methods>

    </dataset>

    <additionalMetadata>
        <metadata>
            <gbif>
                <dateStamp>2023-08-15T23:27:21Z</dateStamp>
                <citation>Atlas of Living Australia (2023). Australian Platypus Conservancy. Occurrence dataset https://doi.org/10.15468/jqg4g8 accessed via GBIF.org on 2023-08-15.</citation>
            </gbif>
        </metadata>
    </additionalMetadata>

</eml:eml>
