<?xml version="1.0" encoding="utf-8"?>
<eml:eml xmlns:eml="eml://ecoinformatics.org/eml-2.1.1" xmlns:xsi="http://www.w3.org/2001/XMLSchema-instance"
         xsi:schemaLocation="eml://ecoinformatics.org/eml-2.1.1 http://rs.gbif.org/schema/eml-gbif-profile/1.2/eml.xsd"
packageId="91446197-ebeb-4399-ade7-9fe733a717eb"  system="http://gbif.org" scope="system"
xml:lang="en">

    <dataset>
            <alternateIdentifier>10.25919/5zgp-r386</alternateIdentifier>
                <alternateIdentifier>91446197-ebeb-4399-ade7-9fe733a717eb</alternateIdentifier>
                <alternateIdentifier>10.15468/vytfmj</alternateIdentifier>
                <alternateIdentifier>https://collections.ala.org.au/public/show/dr19819</alternateIdentifier>
                <alternateIdentifier>ae94ad86-c4ed-3f1a-b5e6-60a37c678957</alternateIdentifier>
        <title>Jewel Bulk Samples Collection</title>
            <creator>
<organizationName>Australian National Insect Collection, CSIRO</organizationName>            </creator>
            <metadataProvider>
<organizationName>Australian National Insect Collection, CSIRO</organizationName>            </metadataProvider>
            <associatedParty>
<organizationName>Atlas of Living Australia</organizationName>            <address>
<deliveryPoint>CSIRO Ecosystems Services</deliveryPoint><city>Canberra</city><administrativeArea>ACT</administrativeArea><postalCode>2601</postalCode><country>AUSTRALIA</country>            </address>
<electronicMailAddress>info@ala.org.au</electronicMailAddress>            <role>DISTRIBUTOR</role>
            </associatedParty>
            <pubDate>
                2023-07-01
            </pubDate>
        <language>ENGLISH</language>
            <abstract>
                    <para>The Australian National Insect Collection (ANIC) is recognized both nationally and internationally as a major research collection. It is the world&amp;#39;s largest collection of Australian insects and related groups such as mites, spiders, nematodes and centipedes housing over 12 million specimens.

Like many entomological collections, not all specimen material at ANIC is registered, sorted or identified to species level, and may sit in ‘bulk’ collections. Examples of bulk collections include malaise trap samples held in jars, taxonomically sorted specimens dried and kept in ‘jewel boxes’ or hundreds of vials of specimens sorted to ordinal level. By mobilising these bulk collection samples, event sampling location information is exposed and searchable. This allows users access to collection recourses, making more Australian collection material available for research and study. The key shared quality is that these bulk collections represent a potential goldmine for taxonomists and other researchers looking for sources of already-collected entomological material to study. We encourage researchers to explore the range of bulk collections we have made available here, and to contact us for further details including how to access any that are of particular interest</para>
            </abstract>
            <intellectualRights>
                    <para>This work is licensed under a <ulink url="http://creativecommons.org/licenses/by/4.0/legalcode"><citetitle>Creative Commons Attribution (CC-BY) 4.0 License</citetitle></ulink>.</para>
            </intellectualRights>
            <distribution scope="document">
                <online>
                    <url function="information">https://collections.ala.org.au/public/show/dr19819</url>
                </online>
            </distribution>
            <contact>
            <individualName>
<givenName>Juanita</givenName>                    <surName>Rodriguez</surName>
            </individualName>
<positionName>editor</positionName><electronicMailAddress>juanita.rodriguez@csiro.au</electronicMailAddress>            </contact>
            <methods>
            </methods>

    </dataset>

    <additionalMetadata>
        <metadata>
            <gbif>
                <dateStamp>2023-08-15T23:27:21Z</dateStamp>
                <citation>Commonwealth Scientific and Industrial Research Organisation (2023). Jewel Bulk Samples Collection. Occurrence dataset https://doi.org/10.25919/5zgp-r386 accessed via GBIF.org on 2023-08-15.</citation>
                    <resourceLogoUrl>https://collections.ala.org.au/data/dataProvider/CSIRO_Grad_RGB_lr.jpg</resourceLogoUrl>
            </gbif>
        </metadata>
    </additionalMetadata>

</eml:eml>
