<?xml version="1.0" encoding="utf-8"?>
<eml:eml xmlns:eml="eml://ecoinformatics.org/eml-2.1.1" xmlns:xsi="http://www.w3.org/2001/XMLSchema-instance"
         xsi:schemaLocation="eml://ecoinformatics.org/eml-2.1.1 http://rs.gbif.org/schema/eml-gbif-profile/1.2/eml.xsd"
packageId="10.15468/dl.ahmsme"  system="http://gbif.org" scope="system"
xml:lang="en">

    <dataset>
                <alternateIdentifier>0007363-230810091245214</alternateIdentifier>
        <title>GBIF Occurrence Download 10.15468/dl.ahmsme</title>
            <creator>
            <individualName>
                    <surName>GBIF Download Service</surName>
            </individualName>
<electronicMailAddress>support@gbif.org</electronicMailAddress>            </creator>
            <metadataProvider>
            <individualName>
                    <surName>GBIF Download Service</surName>
            </individualName>
<electronicMailAddress>support@gbif.org</electronicMailAddress>            </metadataProvider>
            <pubDate>
                2023-08-14
            </pubDate>
        <language>ENGLISH</language>
            <abstract>
                    <para>A dataset containing all occurrences available in GBIF matching the query:
{
  &quot;and&quot; : [
    {
      &quot;and&quot; : [
        &quot;HasGeospatialIssue is false&quot;,
        &quot;HasCoordinate is true&quot;,
        &quot;OccurrenceStatus is Present&quot;,
        {
          &quot;not&quot; : {
            &quot;BasisOfRecord&quot; : [
              &quot;is one of (Fossil, Living Specimen)&quot;
            ]
          }
        }
      ]
    },
    &quot;TaxonKey is one of (Aves)&quot;,
    &quot;Year is greater than or equal to 2000&quot;,
    &quot;Geometry POLYGON ((139.3653 -35.05474, 140.555 -35.05474, 140.555 -34.04465, 139.3653 -34.04465, 139.3653 -35.05474))&quot;
  ]
}
The dataset includes records from the following constituent datasets. The full metadata for each constituent is also included in this archive:
1622 records from NSW BioNet Atlas
129 records from Murray-Darling Basin waterbird survey
1 records from FeralScan
32 records from NHMO Bird collection
62012 records from SA Fauna
57392 records from BirdLife Australia, Birdata
76085 records from EOD – eBird Observation Dataset
1950 records from iNaturalist Research-grade Observations
16 records from naturgucker
21 records from Gaia Guide
17 records from Bathing Birds - National Parks Association NSW and Birdlife Australia
2 records from UWBM Ornithology Collection
44 records from ALA species sightings and OzAtlas
216 records from Observation.org, Nature data from around the World
27 records from Xeno-canto - Bird sounds from around the world
2 records from Tracking Red-necked stints (Calidris ruficollis) and Curlew sandpipers (Calidris ferruginea)  along the  East Asian-Australasian Flyway (EAAF)
546 records from Australian Waterbird Surveys (1983-2018)
2 records from Australian Museum provider for OZCAM
185 records from Earth Guardians Weekly Feed
182 records from South Australian Museum Adelaide provider for OZCAM</para>
            </abstract>
            <contact>
            <individualName>
                    <surName>GBIF Download Service</surName>
            </individualName>
<electronicMailAddress>support@gbif.org</electronicMailAddress>            </contact>

    </dataset>

    <additionalMetadata>
        <metadata>
            <gbif>
                <dateStamp>2023-08-14T23:44:20Z</dateStamp>
                <citation identifier="10.15468/dl.ahmsme">GBIF Occurrence Download 10.15468/dl.ahmsme</citation>
                    <physical>
                        <objectName>Darwin Core Archive</objectName>
                        <characterEncoding>UTF-8</characterEncoding>
                        <dataFormat>
                            <externallyDefinedFormat>
                                <formatName>Darwin Core Archive</formatName>
                            </externallyDefinedFormat>
                        </dataFormat>
                        <distribution>
                            <online>
                                <url function="download">https://api.gbif.org/v1/occurrence/download/request/0007363-230810091245214.zip</url>
                            </online>
                        </distribution>
                    </physical>
            </gbif>
        </metadata>
    </additionalMetadata>

</eml:eml>
