<?xml version="1.0" encoding="utf-8"?>
<eml:eml xmlns:eml="eml://ecoinformatics.org/eml-2.1.1" xmlns:xsi="http://www.w3.org/2001/XMLSchema-instance"
         xsi:schemaLocation="eml://ecoinformatics.org/eml-2.1.1 http://rs.gbif.org/schema/eml-gbif-profile/1.2/eml.xsd"
packageId="10.15468/dl.63vsrv"  system="http://gbif.org" scope="system"
xml:lang="en">

    <dataset>
                <alternateIdentifier>0008919-230810091245214</alternateIdentifier>
        <title>GBIF Occurrence Download 10.15468/dl.63vsrv</title>
            <creator>
            <individualName>
                    <surName>GBIF Download Service</surName>
            </individualName>
<electronicMailAddress>support@gbif.org</electronicMailAddress>            </creator>
            <metadataProvider>
            <individualName>
                    <surName>GBIF Download Service</surName>
            </individualName>
<electronicMailAddress>support@gbif.org</electronicMailAddress>            </metadataProvider>
            <pubDate>
                2023-08-15
            </pubDate>
        <language>ENGLISH</language>
            <abstract>
                    <para>A dataset containing all occurrences available in GBIF matching the query:
{
  &quot;and&quot; : [
    {
      &quot;and&quot; : [
        &quot;HasGeospatialIssue is false&quot;,
        &quot;HasCoordinate is true&quot;,
        {
          &quot;not&quot; : {
            &quot;BasisOfRecord&quot; : [
              &quot;is one of (Fossil, Living Specimen)&quot;
            ]
          }
        }
      ]
    },
    &quot;Geometry POLYGON ((139.3653 -35.05474, 140.555 -35.05474, 140.555 -34.04465, 139.3653 -34.04465, 139.3653 -35.05474))&quot;,
    &quot;Year is greater than or equal to 2022&quot;
  ]
}
The dataset includes records from the following constituent datasets. The full metadata for each constituent is also included in this archive:
1 records from ALA species sightings and OzAtlas
245 records from FrogWatch SA
4 records from FeralScan
111 records from SA Flora
7 records from Xeno-canto - Bird sounds from around the world
3 records from Echidna-CSI
1 records from Jewel Bulk Samples Collection
16 records from Earth Guardians Weekly Feed
2 records from Observation.org, Nature data from around the World
6 records from Australian Platypus Conservancy
11 records from Pl@ntNet automatically identified occurrences
1 records from NSW BioNet Atlas
498 records from SA Fauna
2256 records from iNaturalist Research-grade Observations</para>
            </abstract>
            <contact>
            <individualName>
                    <surName>GBIF Download Service</surName>
            </individualName>
<electronicMailAddress>support@gbif.org</electronicMailAddress>            </contact>

    </dataset>

    <additionalMetadata>
        <metadata>
            <gbif>
                <dateStamp>2023-08-15T23:27:23Z</dateStamp>
                <citation identifier="10.15468/dl.63vsrv">GBIF Occurrence Download 10.15468/dl.63vsrv</citation>
                    <physical>
                        <objectName>Darwin Core Archive</objectName>
                        <characterEncoding>UTF-8</characterEncoding>
                        <dataFormat>
                            <externallyDefinedFormat>
                                <formatName>Darwin Core Archive</formatName>
                            </externallyDefinedFormat>
                        </dataFormat>
                        <distribution>
                            <online>
                                <url function="download">https://api.gbif.org/v1/occurrence/download/request/0008919-230810091245214.zip</url>
                            </online>
                        </distribution>
                    </physical>
            </gbif>
        </metadata>
    </additionalMetadata>

</eml:eml>
