<?xml version="1.0" encoding="utf-8"?>
<eml:eml xmlns:eml="eml://ecoinformatics.org/eml-2.1.1" xmlns:xsi="http://www.w3.org/2001/XMLSchema-instance"
         xsi:schemaLocation="eml://ecoinformatics.org/eml-2.1.1 http://rs.gbif.org/schema/eml-gbif-profile/1.2/eml.xsd"
packageId="17c7ded5-a12d-4686-968b-159ce38dd8f4"  system="http://gbif.org" scope="system"
xml:lang="en">

    <dataset>
            <alternateIdentifier>10.15468/jkb84j</alternateIdentifier>
                <alternateIdentifier>https://collections.ala.org.au/public/show/dr26141</alternateIdentifier>
                <alternateIdentifier>b9e04ecd-e6a3-3318-b4b9-e77ce783351f</alternateIdentifier>
        <title>TurtleSAT</title>
            <creator>
<organizationName>TurtleSAT</organizationName>            </creator>
            <metadataProvider>
<organizationName>TurtleSAT</organizationName>            </metadataProvider>
            <associatedParty>
<organizationName>Atlas of Living Australia</organizationName>            <address>
<deliveryPoint>CSIRO Ecosystems Services</deliveryPoint><city>Canberra</city><administrativeArea>ACT</administrativeArea><postalCode>2601</postalCode><country>AUSTRALIA</country>            </address>
<electronicMailAddress>info@ala.org.au</electronicMailAddress>            <role>DISTRIBUTOR</role>
            </associatedParty>
            <pubDate>
                2024-05-09
            </pubDate>
        <language>ENGLISH</language>
            <abstract>
                    <para>TurtleSAT - Turtle Survey and Analysis Tools - is an mobile app and citizen science mapping tool produced by the 1 Million Turtles Community Conservation program, allowing communities to map the location of freshwater turtles in waterways and wetlands across the country. 

Australia&amp;#39;s freshwater turtles are under serious threat, and they need our help for survival! Mounting evidence now suggests that many turtle species are declining across vast areas of Australia due to widespread drought, fox predation and human activities. To ensure their survival, important evidence needs to be gathered to find out where turtles live and breed, what the major causes of decline are across Australia, how far they disperse, and whether there are important source populations that help populate other areas.

The app invites users assist by recording where they see turtles, their nests, if they are killed on the road, or any other evidence of turtles like skeletal remains.

The TurtleSAT project is being coordinated by Dr Ricky Spencer at the University of Western Sydney in partnership with the University of Sydney, the University of South Australia, the Field Naturalists Society of South Australia and community groups throughout the Murray River region. The Centre for Invasive Species Solutions and NSW Department of Primary Industries support the project through the FeralScan program and its associated web-mapping technology.</para>
            </abstract>
            <intellectualRights>
                    <para>This work is licensed under a <ulink url="http://creativecommons.org/licenses/by/4.0/legalcode"><citetitle>Creative Commons Attribution (CC-BY) 4.0 License</citetitle></ulink>.</para>
            </intellectualRights>
            <distribution scope="document">
                <online>
                    <url function="information">https://www.turtlesat.org.au/</url>
                </online>
            </distribution>
            <contact>
<positionName>editor</positionName><electronicMailAddress>turtlesat@turtlesat.org.au</electronicMailAddress>            </contact>
            <methods>
            </methods>

    </dataset>

    <additionalMetadata>
        <metadata>
            <gbif>
                <dateStamp>2024-06-24T06:00:36Z</dateStamp>
                <citation>Atlas of Living Australia (2024). TurtleSAT. Occurrence dataset https://doi.org/10.15468/jkb84j accessed via GBIF.org on 2024-06-24.</citation>
                    <resourceLogoUrl>https://collections.ala.org.au/data/dataResource/TurtleSAT.logo.png</resourceLogoUrl>
            </gbif>
        </metadata>
    </additionalMetadata>

</eml:eml>
