<?xml version="1.0" encoding="utf-8"?>
<eml:eml xmlns:eml="eml://ecoinformatics.org/eml-2.1.1" xmlns:xsi="http://www.w3.org/2001/XMLSchema-instance"
         xsi:schemaLocation="eml://ecoinformatics.org/eml-2.1.1 http://rs.gbif.org/schema/eml-gbif-profile/1.2/eml.xsd"
packageId="19b8cae9-a4f2-49ca-b687-cc297726e462"  system="http://gbif.org" scope="system"
xml:lang="en">

    <dataset>
            <alternateIdentifier>10.15468/opi4u4</alternateIdentifier>
                <alternateIdentifier>19b8cae9-a4f2-49ca-b687-cc297726e462</alternateIdentifier>
                <alternateIdentifier>https://collections.ala.org.au/public/show/dr10043</alternateIdentifier>
                <alternateIdentifier>08f299fe-af4c-339f-bdab-b463e4c83539</alternateIdentifier>
        <title>FrogWatch SA</title>
            <creator>
<organizationName>FrogWatch SA</organizationName>            </creator>
            <metadataProvider>
<organizationName>FrogWatch SA</organizationName>            </metadataProvider>
            <associatedParty>
<organizationName>Atlas of Living Australia</organizationName>            <address>
<deliveryPoint>CSIRO Ecosystems Services</deliveryPoint><city>Canberra</city><administrativeArea>ACT</administrativeArea><postalCode>2601</postalCode><country>AUSTRALIA</country>            </address>
<electronicMailAddress>info@ala.org.au</electronicMailAddress>            <role>DISTRIBUTOR</role>
            </associatedParty>
            <pubDate>
                2024-01-03
            </pubDate>
        <language>ENGLISH</language>
            <abstract>
                    <para>FrogWatch SA is a simple and fun Citizen Science frog monitoring program that is building a picture of frogs in South Australia and what may be needed to help them.
The FrogWatch SA website and FrogSpotter smartphone app make it easy and interesting to learn about South Australia?s frogs and to collect knowledge about them.
 
With recordings of between 3 and 5 minutes, you can help provide us with information to better understand which species are common and which are rare, as well as what threats may be present. The information collected is used to better manage our natural resources.
 
We need information at all times of the year, from across South Australia and, as there are many parts of the state that haven?t been looked at in detail, there is always more to be learned.
 
Visit the FrogWatch SA website to listen to the submitted recordings and view the associated photographs and environment data.</para>
            </abstract>
            <intellectualRights>
                    <para>This work is licensed under a <ulink url="http://creativecommons.org/licenses/by/4.0/legalcode"><citetitle>Creative Commons Attribution (CC-BY) 4.0 License</citetitle></ulink>.</para>
            </intellectualRights>
            <distribution scope="document">
                <online>
                    <url function="information">https://www.frogwatchsa.com.au/</url>
                </online>
            </distribution>
            <contact>
<organizationName>Atlas of Living Australia</organizationName>            <address>
<deliveryPoint>CSIRO Ecosystems Services</deliveryPoint><city>Canberra</city><administrativeArea>ACT</administrativeArea><postalCode>2601</postalCode><country>AUSTRALIA</country>            </address>
<electronicMailAddress>info@ala.org.au</electronicMailAddress>            </contact>
            <methods>
            </methods>

    </dataset>

    <additionalMetadata>
        <metadata>
            <gbif>
                <dateStamp>2024-06-24T06:00:34Z</dateStamp>
                <citation>Atlas of Living Australia (2024). FrogWatch SA. Occurrence dataset https://doi.org/10.15468/opi4u4 accessed via GBIF.org on 2024-06-24.</citation>
            </gbif>
        </metadata>
    </additionalMetadata>

</eml:eml>
