<?xml version="1.0" encoding="utf-8"?>
<eml:eml xmlns:eml="eml://ecoinformatics.org/eml-2.1.1" xmlns:xsi="http://www.w3.org/2001/XMLSchema-instance"
         xsi:schemaLocation="eml://ecoinformatics.org/eml-2.1.1 http://rs.gbif.org/schema/eml-gbif-profile/1.2/eml.xsd"
packageId="fa375330-6c8a-11de-8226-b8a03c50a862"  system="http://gbif.org" scope="system"
xml:lang="en">

    <dataset>
            <alternateIdentifier>10.15468/wz4rrh</alternateIdentifier>
                <alternateIdentifier>https://collections.ala.org.au/public/show/dr346</alternateIdentifier>
                <alternateIdentifier>03a2d03f-9da7-3e30-800b-c65a4f8b7598</alternateIdentifier>
                <alternateIdentifier>http://collections.ala.org.au/public/show/dr346</alternateIdentifier>
                <alternateIdentifier>fa375330-6c8a-11de-8226-b8a03c50a862</alternateIdentifier>
                <alternateIdentifier>1fc7d40b-9e13-3e69-99ec-b7144640ea1e</alternateIdentifier>
                <alternateIdentifier>6e48930d-faeb-38e5-9f1f-2203a63a62a1</alternateIdentifier>
                <alternateIdentifier>14121</alternateIdentifier>
        <title>South Australian Museum Adelaide provider for OZCAM</title>
            <creator>
<organizationName>OZCAM (Online Zoological Collections of Australian Museums) Provider</organizationName>            </creator>
            <creator>
<organizationName>South Australian Museum</organizationName>            </creator>
            <metadataProvider>
<organizationName>OZCAM (Online Zoological Collections of Australian Museums) Provider</organizationName>            </metadataProvider>
            <associatedParty>
<organizationName>Atlas of Living Australia</organizationName>            <address>
<deliveryPoint>CSIRO Ecosystems Services</deliveryPoint><city>Canberra</city><administrativeArea>ACT</administrativeArea><postalCode>2601</postalCode><country>AUSTRALIA</country>            </address>
<electronicMailAddress>info@ala.org.au</electronicMailAddress>            <role>DISTRIBUTOR</role>
            </associatedParty>
            <pubDate>
                2023-08-10
            </pubDate>
        <language>ENGLISH</language>
            <abstract>
                    <para>South Australian Museum Adelaide provider for OZCAM</para>
            </abstract>
            <intellectualRights>
                    <para>This work is licensed under a <ulink url="http://creativecommons.org/licenses/by/4.0/legalcode"><citetitle>Creative Commons Attribution (CC-BY) 4.0 License</citetitle></ulink>.</para>
            </intellectualRights>
            <contact>
<organizationName>Atlas of Living Australia</organizationName>            <address>
<deliveryPoint>CSIRO Ecosystems Services</deliveryPoint><city>Canberra</city><administrativeArea>ACT</administrativeArea><postalCode>2601</postalCode><country>AUSTRALIA</country>            </address>
<electronicMailAddress>info@ala.org.au</electronicMailAddress>            </contact>
            <methods>
            </methods>

    </dataset>

    <additionalMetadata>
        <metadata>
            <gbif>
                <dateStamp>2024-06-24T06:00:34Z</dateStamp>
                <citation>South Australian Museum (2023). South Australian Museum Adelaide provider for OZCAM. Occurrence dataset https://doi.org/10.15468/wz4rrh accessed via GBIF.org on 2024-06-24.</citation>
                    <resourceLogoUrl>https://collections.ala.org.au/data/dataProvider/ozcam.png</resourceLogoUrl>
            </gbif>
        </metadata>
    </additionalMetadata>

</eml:eml>
