<?xml version="1.0" encoding="utf-8"?>
<eml:eml xmlns:eml="eml://ecoinformatics.org/eml-2.1.1" xmlns:xsi="http://www.w3.org/2001/XMLSchema-instance"
         xsi:schemaLocation="eml://ecoinformatics.org/eml-2.1.1 http://rs.gbif.org/schema/eml-gbif-profile/1.2/eml.xsd"
packageId="10.15468/dl.mbp687"  system="http://gbif.org" scope="system"
xml:lang="en">

    <dataset>
                <alternateIdentifier>0057516-240626123714530</alternateIdentifier>
        <title>GBIF Occurrence Download 10.15468/dl.mbp687</title>
            <creator>
            <individualName>
                    <surName>GBIF Download Service</surName>
            </individualName>
<electronicMailAddress>support@gbif.org</electronicMailAddress>            </creator>
            <metadataProvider>
            <individualName>
                    <surName>GBIF Download Service</surName>
            </individualName>
<electronicMailAddress>support@gbif.org</electronicMailAddress>            </metadataProvider>
            <pubDate>
                2024-08-09
            </pubDate>
        <language>ENGLISH</language>
            <abstract>
                    <para>A dataset containing all occurrences available in GBIF matching the query:
{
  &quot;and&quot; : [
    {
      &quot;and&quot; : [
        &quot;HasGeospatialIssue is false&quot;,
        &quot;HasCoordinate is true&quot;,
        {
          &quot;not&quot; : {
            &quot;BasisOfRecord&quot; : [
              &quot;is one of (Fossil, Living Specimen)&quot;
            ]
          }
        }
      ]
    },
    {
      &quot;and&quot; : [
        &quot;TaxonKey is Ardeotis australis (J.E.Gray, 1829)&quot;,
        &quot;Year is 2000&quot;
      ]
    }
  ]
}
The dataset includes records from the following constituent datasets. The full metadata for each constituent is also included in this archive:
2 records from Victorian Biodiversity Atlas
17 records from Eremaea
103 records from Fauna Atlas N.T.
1 records from NSW BioNet Atlas
61 records from EOD – eBird Observation Dataset
3 records from SA Fauna
28 records from WildNet - Queensland Wildlife Data
96 records from Western Australia Bird Surveys (1987-2015)
1 records from iNaturalist Research-grade Observations
539 records from BirdLife Australia, Birdata</para>
            </abstract>
            <contact>
            <individualName>
                    <surName>GBIF Download Service</surName>
            </individualName>
<electronicMailAddress>support@gbif.org</electronicMailAddress>            </contact>

    </dataset>

    <additionalMetadata>
        <metadata>
            <gbif>
                <dateStamp>2024-08-09T03:18:14Z</dateStamp>
                <citation identifier="10.15468/dl.mbp687">GBIF Occurrence Download 10.15468/dl.mbp687</citation>
                    <physical>
                        <objectName>Darwin Core Archive</objectName>
                        <characterEncoding>UTF-8</characterEncoding>
                        <dataFormat>
                            <externallyDefinedFormat>
                                <formatName>Darwin Core Archive</formatName>
                            </externallyDefinedFormat>
                        </dataFormat>
                        <distribution>
                            <online>
                                <url function="download">https://api.gbif.org/v1/occurrence/download/request/0057516-240626123714530.zip</url>
                            </online>
                        </distribution>
                    </physical>
            </gbif>
        </metadata>
    </additionalMetadata>

</eml:eml>
