<?xml version="1.0" encoding="utf-8"?>
<eml:eml xmlns:eml="eml://ecoinformatics.org/eml-2.1.1" xmlns:xsi="http://www.w3.org/2001/XMLSchema-instance"
         xsi:schemaLocation="eml://ecoinformatics.org/eml-2.1.1 http://rs.gbif.org/schema/eml-gbif-profile/1.2/eml.xsd"
packageId="358fbd61-739f-4102-afc9-9d468f571e4d"  system="http://gbif.org" scope="system"
xml:lang="en">

    <dataset>
            <alternateIdentifier>10.15468/eeg0zb</alternateIdentifier>
                <alternateIdentifier>https://collections.ala.org.au/public/show/dr361</alternateIdentifier>
                <alternateIdentifier>6402fa8c-54f6-3472-a9b5-71a4ecfa2032</alternateIdentifier>
                <alternateIdentifier>http://collections.ala.org.au/public/show/dr361</alternateIdentifier>
                <alternateIdentifier>358fbd61-739f-4102-afc9-9d468f571e4d</alternateIdentifier>
                <alternateIdentifier>3d898b35-74c3-3dad-bf8f-bb600cf67b95</alternateIdentifier>
                <alternateIdentifier>a436dcb1-9bc1-3910-9f7c-bfd45a9cd957</alternateIdentifier>
                <alternateIdentifier>12707</alternateIdentifier>
        <title>Fauna Atlas N.T.</title>
            <creator>
<organizationName>Northern Territory Department of Environment and Natural Resources</organizationName>            </creator>
            <metadataProvider>
<organizationName>Northern Territory Department of Environment and Natural Resources</organizationName>            </metadataProvider>
            <associatedParty>
<organizationName>Atlas of Living Australia</organizationName>            <address>
<deliveryPoint>CSIRO Ecosystems Services</deliveryPoint><city>Canberra</city><administrativeArea>ACT</administrativeArea><postalCode>2601</postalCode><country>AUSTRALIA</country>            </address>
<electronicMailAddress>info@ala.org.au</electronicMailAddress>            <role>DISTRIBUTOR</role>
            </associatedParty>
            <pubDate>
                2023-06-26
            </pubDate>
        <language>ENGLISH</language>
            <abstract>
                    <para>Record fauna observational summary data within the N.T. Taxonomic and collection data for observed mammals, birds, reptiles, frogs. Includes presence/absence info, date, time, and location of sighting. Data collected after 1995 may also include counts.</para>
            </abstract>
            <intellectualRights>
                    <para>This work is licensed under a <ulink url="http://creativecommons.org/licenses/by/4.0/legalcode"><citetitle>Creative Commons Attribution (CC-BY) 4.0 License</citetitle></ulink>.</para>
            </intellectualRights>
            <contact>
<organizationName>Atlas of Living Australia</organizationName>            <address>
<deliveryPoint>CSIRO Ecosystems Services</deliveryPoint><city>Canberra</city><administrativeArea>ACT</administrativeArea><postalCode>2601</postalCode><country>AUSTRALIA</country>            </address>
<electronicMailAddress>info@ala.org.au</electronicMailAddress>            </contact>
            <methods>
            </methods>

    </dataset>

    <additionalMetadata>
        <metadata>
            <gbif>
                <dateStamp>2024-08-09T03:18:13Z</dateStamp>
                <citation>Northern Territory Government (2023). Fauna Atlas N.T.. Occurrence dataset https://doi.org/10.15468/eeg0zb accessed via GBIF.org on 2024-08-09.</citation>
                    <resourceLogoUrl>https://collections.ala.org.au/data/dataProvider/NAGov.png</resourceLogoUrl>
            </gbif>
        </metadata>
    </additionalMetadata>

</eml:eml>
