<?xml version="1.0" encoding="utf-8"?>
<eml:eml xmlns:eml="eml://ecoinformatics.org/eml-2.1.1" xmlns:xsi="http://www.w3.org/2001/XMLSchema-instance"
         xsi:schemaLocation="eml://ecoinformatics.org/eml-2.1.1 http://rs.gbif.org/schema/eml-gbif-profile/1.2/eml.xsd"
packageId="b05a19cf-dcf2-4ef9-bbbb-ad0ecbd2917c"  system="http://gbif.org" scope="system"
xml:lang="en">

    <dataset>
            <alternateIdentifier>10.15468/eq54iw</alternateIdentifier>
                <alternateIdentifier>0fe8b12d-9e26-3859-afd3-ff6076fe2cd0</alternateIdentifier>
        <title>Eremaea</title>
            <creator>
<organizationName>Eremaea</organizationName><onlineUrl>http://www.eremaea.com/</onlineUrl>            </creator>
            <metadataProvider>
<organizationName>Eremaea</organizationName><onlineUrl>http://www.eremaea.com/</onlineUrl>            </metadataProvider>
            <associatedParty>
<organizationName>Atlas of Living Australia</organizationName>            <address>
<deliveryPoint>CSIRO Ecosystems Services</deliveryPoint><city>Canberra</city><administrativeArea>ACT</administrativeArea><postalCode>2605</postalCode><country>AUSTRALIA</country>            </address>
<electronicMailAddress>info@ala.org.au</electronicMailAddress>            <role>DISTRIBUTOR</role>
            </associatedParty>
            <pubDate>
                2015-01-27
            </pubDate>
        <language>ENGLISH</language>
            <intellectualRights>
                    <para>This work is licensed under a <ulink url="http://creativecommons.org/licenses/by/4.0/legalcode"><citetitle>Creative Commons Attribution (CC-BY) 4.0 License</citetitle></ulink>.</para>
            </intellectualRights>
            <distribution scope="document">
                <online>
                    <url function="information">http://collections.ala.org.au/public/show/dr350</url>
                </online>
            </distribution>
            <contact>
            <individualName>
<givenName>Richard</givenName>                    <surName>Alcorn</surName>
            </individualName>
<positionName>Coordinator</positionName><electronicMailAddress>rmalcorn@netconnect.com.au</electronicMailAddress>            </contact>

    </dataset>

    <additionalMetadata>
        <metadata>
            <gbif>
                <dateStamp>2024-08-09T03:18:13Z</dateStamp>
                <citation>Eremaea (2015). Eremaea. Occurrence dataset https://doi.org/10.15468/eq54iw accessed via GBIF.org on 2024-08-09.</citation>
            </gbif>
        </metadata>
    </additionalMetadata>

</eml:eml>
