<?xml version="1.0" encoding="utf-8"?>
<eml:eml xmlns:eml="eml://ecoinformatics.org/eml-2.1.1" xmlns:xsi="http://www.w3.org/2001/XMLSchema-instance"
         xsi:schemaLocation="eml://ecoinformatics.org/eml-2.1.1 http://rs.gbif.org/schema/eml-gbif-profile/1.2/eml.xsd"
packageId="f906d1c4-6e1a-46dd-8805-ec98b5091908"  system="http://gbif.org" scope="system"
xml:lang="en">

    <dataset>
            <alternateIdentifier>10.15468/qtrlab</alternateIdentifier>
                <alternateIdentifier>https://collections.ala.org.au/public/show/dr4788</alternateIdentifier>
                <alternateIdentifier>3f431326-51d7-32db-b271-710c1ef03a62</alternateIdentifier>
                <alternateIdentifier>http://collections.ala.org.au/public/show/dr4788</alternateIdentifier>
                <alternateIdentifier>f906d1c4-6e1a-46dd-8805-ec98b5091908</alternateIdentifier>
                <alternateIdentifier>c4e14e32-8031-3afa-b21f-0899720bc817</alternateIdentifier>
                <alternateIdentifier>85961879-378b-3ea0-94f1-c27159a2a13f</alternateIdentifier>
        <title>Western Australia Bird Surveys (1987-2015)</title>
            <creator>
<organizationName>Western Australia Bird Surveys (1987-2015)</organizationName>            </creator>
            <metadataProvider>
<organizationName>Western Australia Bird Surveys (1987-2015)</organizationName>            </metadataProvider>
            <associatedParty>
<organizationName>Atlas of Living Australia</organizationName>            <address>
<deliveryPoint>CSIRO Ecosystems Services</deliveryPoint><city>Canberra</city><administrativeArea>ACT</administrativeArea><postalCode>2601</postalCode><country>AUSTRALIA</country>            </address>
<electronicMailAddress>info@ala.org.au</electronicMailAddress>            <role>DISTRIBUTOR</role>
            </associatedParty>
            <pubDate>
                2021-10-02
            </pubDate>
        <language>ENGLISH</language>
            <abstract>
                    <para>Koobabbie, a 7,173 ha property, has retained 41.5% of the original native vegetation, and is a designated Important Bird Area by BirdLife Australia, while still being an economically profitable agricultural enterprise. Since 1987 the owners of Koobabbie have kept detailed records of the avifauna of the property, and encouraged staff from government, non-government and academic organisations to conduct research and monitoring of the endangered Carnaby?s Cockatoo Calyptorhynchus latirostris breeding on their property.

Woopenatty was a 7,293 ha wheat-sheep property in the Geraldton Sandplains biogeographic region of the northern wheatbelt of Western Australia. Data were collected on the presence of bird species seen on a weekly basis on the property from October 1987 until the end of 2002.</para>
            </abstract>
            <intellectualRights>
                    <para>This work is licensed under a <ulink url="http://creativecommons.org/licenses/by/4.0/legalcode"><citetitle>Creative Commons Attribution (CC-BY) 4.0 License</citetitle></ulink>.</para>
            </intellectualRights>
            <distribution scope="document">
                <online>
                    <url function="information">https://www.researchgate.net/publication/264311763_The_conservation_value_of_private_property_A_case_study_of_the_birds_of_Woopenatty_Arrino_in_the_northern_wheatbelt_of_Western_Australia_1987-2002</url>
                </online>
            </distribution>
            <contact>
<organizationName>Atlas of Living Australia</organizationName>            <address>
<deliveryPoint>CSIRO Ecosystems Services</deliveryPoint><city>Canberra</city><administrativeArea>ACT</administrativeArea><postalCode>2601</postalCode><country>AUSTRALIA</country>            </address>
<electronicMailAddress>info@ala.org.au</electronicMailAddress>            </contact>
            <methods>
            </methods>

    </dataset>

    <additionalMetadata>
        <metadata>
            <gbif>
                <dateStamp>2024-08-09T03:18:13Z</dateStamp>
                <citation>Atlas of Living Australia (2021). Western Australia Bird Surveys (1987-2015). Occurrence dataset https://doi.org/10.15468/qtrlab accessed via GBIF.org on 2024-08-09.</citation>
                    <resourceLogoUrl>https://collections.ala.org.au/data/dataResource/ala-logo.png</resourceLogoUrl>
            </gbif>
        </metadata>
    </additionalMetadata>

</eml:eml>
