<?xml version="1.0" encoding="utf-8"?>
<eml:eml xmlns:eml="eml://ecoinformatics.org/eml-2.1.1" xmlns:xsi="http://www.w3.org/2001/XMLSchema-instance"
         xsi:schemaLocation="eml://ecoinformatics.org/eml-2.1.1 http://rs.gbif.org/schema/eml-gbif-profile/1.2/eml.xsd"
packageId="02abb9d1-7d81-42b3-ac9a-3b3d0c7a5280"  system="http://gbif.org" scope="system"
xml:lang="en">

    <dataset>
            <alternateIdentifier>10.15468/6voxzp</alternateIdentifier>
                <alternateIdentifier>02abb9d1-7d81-42b3-ac9a-3b3d0c7a5280</alternateIdentifier>
                <alternateIdentifier>https://collections.ala.org.au/public/show/dr711</alternateIdentifier>
                <alternateIdentifier>ce9244f7-382d-3158-b7ce-029d51be17f7</alternateIdentifier>
        <title>Fungimap</title>
            <creator>
<organizationName>Fungimap</organizationName>            </creator>
            <metadataProvider>
<organizationName>Fungimap</organizationName>            </metadataProvider>
            <associatedParty>
<organizationName>Atlas of Living Australia</organizationName>            <address>
<deliveryPoint>CSIRO Ecosystems Services</deliveryPoint><city>Canberra</city><administrativeArea>ACT</administrativeArea><postalCode>2601</postalCode><country>AUSTRALIA</country>            </address>
<electronicMailAddress>info@ala.org.au</electronicMailAddress>            <role>DISTRIBUTOR</role>
            </associatedParty>
            <pubDate>
                2022-01-14
            </pubDate>
        <language>ENGLISH</language>
            <abstract>
                    <para>This dataset contains observational records of fungi throughout Australia recorded by Fungimap members and casual contributors since 1995, originally with a focus on recording sightings of Fungimap&amp;#39;s Target Species (100 macrofungi readily recognisable in the field) published in the book Fungi Down Under, and later expanded to incorporate records for all named fungi. Records are collected by individuals and by groups, of fungi encountered incidentally or during organised forays, and are submitted to the National Australian Fungimap Database (NAFD), managed by Fungimap Inc and stored at the Royal Botanic Gardens Melbourne. 

 

Where records are submitted with a photograph, species determinations are made or confirmed by the Fungimap ID Team which includes professional mycologists. Identification may also be supported by further information about the specimen (e.g. spore characteristic information). Species concepts may be indicated by reference to literature. Records considered to have dubious identifications are not supplied to the Atlas of Living Australia but are retained in the NAFD.

 

This dataset includes the species, location, date of observation, habitat, and some occurrence remarks for each record. Further details, images, and collection information can be sought from Fungimap Inc directly. Records have been anonymised to protect contributor&amp;#39;s privacy and include here only the Fungimap contributor number.

Fungimap is dedicated to improving knowledge and conservation of Australian macrofungi.  Our mottos are &amp;#39;Putting Australian fungi on the map&amp;#39; and &amp;#39;Community based science in action&amp;#39;. Fungimap publishes books and CD-ROMS about fungi, distributes a newsletter to members three times per year, and holds a Fungimap Conference every two years.

New records and images of Australian fungi are always welcome.</para>
            </abstract>
            <intellectualRights>
                    <para>This work is licensed under a <ulink url="http://creativecommons.org/licenses/by/4.0/legalcode"><citetitle>Creative Commons Attribution (CC-BY) 4.0 License</citetitle></ulink>.</para>
            </intellectualRights>
            <distribution scope="document">
                <online>
                    <url function="information">http://fungimap.org.au/</url>
                </online>
            </distribution>
            <contact>
<organizationName>Atlas of Living Australia</organizationName>            <address>
<deliveryPoint>CSIRO Ecosystems Services</deliveryPoint><city>Canberra</city><administrativeArea>ACT</administrativeArea><postalCode>2601</postalCode><country>AUSTRALIA</country>            </address>
<electronicMailAddress>info@ala.org.au</electronicMailAddress>            </contact>
            <methods>
            </methods>

    </dataset>

    <additionalMetadata>
        <metadata>
            <gbif>
                <dateStamp>2024-08-09T05:44:31Z</dateStamp>
                <citation>Fungimap (2022). Fungimap. Occurrence dataset https://doi.org/10.15468/6voxzp accessed via GBIF.org on 2024-08-09.</citation>
            </gbif>
        </metadata>
    </additionalMetadata>

</eml:eml>
