<?xml version="1.0" encoding="utf-8"?>
<eml:eml xmlns:eml="eml://ecoinformatics.org/eml-2.1.1" xmlns:xsi="http://www.w3.org/2001/XMLSchema-instance"
         xsi:schemaLocation="eml://ecoinformatics.org/eml-2.1.1 http://rs.gbif.org/schema/eml-gbif-profile/1.2/eml.xsd"
packageId="0db27590-d808-44e3-83df-4644eebce335"  system="http://gbif.org" scope="system"
xml:lang="en">

    <dataset>
            <alternateIdentifier>10.15468/2743p5</alternateIdentifier>
                <alternateIdentifier>8619FFE65709FFFC7D43FF8139657512</alternateIdentifier>
        <title>Revisions of Australian ground-hunting spiders VI: five new stripe-less miturgid genera and 48 new species (Miturgidae: Miturginae)</title>
            <creator>
            <individualName>
<givenName>Robert J.</givenName>                    <surName>Raven</surName>
            </individualName>
            </creator>
            <creator>
            <individualName>
<givenName>Wendy</givenName>                    <surName>Hebron</surName>
            </individualName>
            </creator>
            <creator>
            <individualName>
<givenName>Kylie</givenName>                    <surName>Williams</surName>
            </individualName>
            </creator>
            <metadataProvider>
            <individualName>
                    <surName>plazi</surName>
            </individualName>
<organizationName>Plazi</organizationName>            </metadataProvider>
            <associatedParty>
<organizationName>Magnolia Press</organizationName>            <address>
<deliveryPoint>St. Lukes 1346</deliveryPoint><city>Auckland</city><country>NEW_ZEALAND</country>            </address>
<electronicMailAddress>magnolia@mapress.com</electronicMailAddress><onlineUrl>https://www.mapress.com/</onlineUrl>            <role>PUBLISHER</role>
            </associatedParty>
            <associatedParty>
<organizationName>Plazi</organizationName>            <address>
<city>Bern</city><country>SWITZERLAND</country>            </address>
<electronicMailAddress>info@plazi.org</electronicMailAddress><onlineUrl>https://plazi.org/</onlineUrl>            <role>DISTRIBUTOR</role>
            </associatedParty>
            <pubDate>
                2023-10-24
            </pubDate>
        <language>ENGLISH</language>
            <abstract>
                    <para>This dataset contains the digitized treatments in Plazi based on the original journal article Raven, Robert J., Hebron, Wendy, Williams, Kylie (2023): Revisions of Australian ground-hunting spiders VI: five new stripe-less miturgid genera and 48 new species (Miturgidae: Miturginae). Zootaxa 5358 (1): 1-117, DOI: 10.11646/zootaxa.5358.1.1, URL: https://www.mapress.com/zt/article/download/zootaxa.5358.1.1/52093</para>
            </abstract>
            <intellectualRights>
                    <para>To the extent possible under law, the publisher has waived all rights to these data and has dedicated them to the <ulink url="http://creativecommons.org/publicdomain/zero/1.0/legalcode"><citetitle>Public Domain (CC0 1.0)</citetitle></ulink>. Users may copy, modify, distribute and use the work, including for commercial purposes, without restriction.</para>
            </intellectualRights>
            <distribution scope="document">
                <online>
                    <url function="information">https://tb.plazi.org/GgServer/summary/8619FFE65709FFFC7D43FF8139657512</url>
                </online>
            </distribution>
            <contact>
            <individualName>
<givenName>Guido</givenName>                    <surName>Sautter</surName>
            </individualName>
<electronicMailAddress>sautter@plazi.org</electronicMailAddress><onlineUrl>https://plazi.org</onlineUrl>            </contact>

    </dataset>

    <additionalMetadata>
        <metadata>
            <gbif>
                <dateStamp>2024-08-09T05:44:40Z</dateStamp>
                <citation>Raven R J, Hebron W, Williams K, plazi (2023). Revisions of Australian ground-hunting spiders VI: five new stripe-less miturgid genera and 48 new species (Miturgidae: Miturginae). Plazi.org taxonomic treatments database. Checklist dataset https://doi.org/10.15468/2743p5 accessed via GBIF.org on 2024-08-09.</citation>
                    <bibliography>
                <citation>Raven, Robert J., Hebron, Wendy, Williams, Kylie (2023): Revisions of Australian ground-hunting spiders VI: five new stripe-less miturgid genera and 48 new species (Miturgidae: Miturginae). Zootaxa 5358 (1): 1-117, DOI: 10.11646/zootaxa.5358.1.1, URL: https://www.mapress.com/zt/article/download/zootaxa.5358.1.1/52093</citation>
                    </bibliography>
            </gbif>
        </metadata>
    </additionalMetadata>

</eml:eml>
