<?xml version="1.0" encoding="utf-8"?>
<eml:eml xmlns:eml="eml://ecoinformatics.org/eml-2.1.1" xmlns:xsi="http://www.w3.org/2001/XMLSchema-instance"
         xsi:schemaLocation="eml://ecoinformatics.org/eml-2.1.1 http://rs.gbif.org/schema/eml-gbif-profile/1.2/eml.xsd"
packageId="1f396a46-b83e-4255-a840-859985f73ded"  system="http://gbif.org" scope="system"
xml:lang="en">

    <dataset>
            <alternateIdentifier>10.15468/hnnoxc</alternateIdentifier>
                <alternateIdentifier>https://collections.ala.org.au/public/show/dr4719</alternateIdentifier>
                <alternateIdentifier>a40352ca-a21a-3dea-aaba-0878ca6faa68</alternateIdentifier>
                <alternateIdentifier>http://collections.ala.org.au/public/show/dr4719</alternateIdentifier>
                <alternateIdentifier>1f396a46-b83e-4255-a840-859985f73ded</alternateIdentifier>
                <alternateIdentifier>0a9a0061-295e-3af9-a20c-c64f5756a1f7</alternateIdentifier>
                <alternateIdentifier>c3ca5ab5-f318-32ba-a8fe-6851bcefda50</alternateIdentifier>
        <title>Murray-Darling Basin fish monitoring survey</title>
            <creator>
<organizationName>Murray-Darling Basin fish monitoring survey</organizationName>            </creator>
            <creator>
<organizationName>Murray-Darling Basin Authority</organizationName>            </creator>
            <metadataProvider>
<organizationName>Murray-Darling Basin fish monitoring survey</organizationName>            </metadataProvider>
            <associatedParty>
<organizationName>Atlas of Living Australia</organizationName>            <address>
<deliveryPoint>CSIRO Ecosystems Services</deliveryPoint><city>Canberra</city><administrativeArea>ACT</administrativeArea><postalCode>2601</postalCode><country>AUSTRALIA</country>            </address>
<electronicMailAddress>info@ala.org.au</electronicMailAddress>            <role>DISTRIBUTOR</role>
            </associatedParty>
            <pubDate>
                2019-09-26
            </pubDate>
        <language>ENGLISH</language>
            <abstract>
                    <para>The Murray?Darling Basin Authority works with Queensland, New South Wales, Victoria and South Australia to monitor fish populations in 23 valleys in the Murray?Darling Basin on an annual basis. A standardised sampling protocol and randomised site selection is used to monitor species richness, size and condition of fish to report against high-level targets in the Murray?Darling Basin Plan. This dataset extends the fish component of the Sustainable Rivers Audit dataset (2004?2013).</para>
            </abstract>
            <intellectualRights>
                    <para>This work is licensed under a <ulink url="http://creativecommons.org/licenses/by/4.0/legalcode"><citetitle>Creative Commons Attribution (CC-BY) 4.0 License</citetitle></ulink>.</para>
            </intellectualRights>
            <distribution scope="document">
                <online>
                    <url function="information">https://data.gov.au/dataset/fish2014to2016</url>
                </online>
            </distribution>
            <contact>
<organizationName>Atlas of Living Australia</organizationName>            <address>
<deliveryPoint>CSIRO Ecosystems Services</deliveryPoint><city>Canberra</city><administrativeArea>ACT</administrativeArea><postalCode>2601</postalCode><country>AUSTRALIA</country>            </address>
<electronicMailAddress>info@ala.org.au</electronicMailAddress>            </contact>
            <methods>
            </methods>

    </dataset>

    <additionalMetadata>
        <metadata>
            <gbif>
                <dateStamp>2024-08-09T05:44:41Z</dateStamp>
                <citation>Murray-Darling Basin Authority (2019). Murray-Darling Basin fish monitoring survey. Occurrence dataset https://doi.org/10.15468/hnnoxc accessed via GBIF.org on 2024-08-09.</citation>
            </gbif>
        </metadata>
    </additionalMetadata>

</eml:eml>
