<?xml version="1.0" encoding="utf-8"?>
<eml:eml xmlns:eml="eml://ecoinformatics.org/eml-2.1.1" xmlns:xsi="http://www.w3.org/2001/XMLSchema-instance"
         xsi:schemaLocation="eml://ecoinformatics.org/eml-2.1.1 http://rs.gbif.org/schema/eml-gbif-profile/1.2/eml.xsd"
packageId="270c3da6-45ad-4272-804b-33ac7ee33421"  system="http://gbif.org" scope="system"
xml:lang="en">

    <dataset>
            <alternateIdentifier>10.15468/e46kae</alternateIdentifier>
                <alternateIdentifier>https://collections.ala.org.au/public/show/dr15866</alternateIdentifier>
                <alternateIdentifier>270c3da6-45ad-4272-804b-33ac7ee33421</alternateIdentifier>
                <alternateIdentifier>f120e3f7-f24f-3ee5-bf74-91ca5af54b65</alternateIdentifier>
        <title>Northern Territory Herbarium (DNA) AVH data</title>
            <creator>
<organizationName>Australia&apos;s Virtual Herbarium</organizationName>            </creator>
            <creator>
<organizationName>Department of Environment and Natural Resources</organizationName>            </creator>
            <creator>
<organizationName>Northern Territory Herbarium (Alice Springs)</organizationName>            </creator>
            <creator>
<organizationName>Northern Territory Herbarium (Darwin)</organizationName>            </creator>
            <metadataProvider>
<organizationName>Australia&apos;s Virtual Herbarium</organizationName>            </metadataProvider>
            <associatedParty>
<organizationName>Atlas of Living Australia</organizationName>            <address>
<deliveryPoint>CSIRO Ecosystems Services</deliveryPoint><city>Canberra</city><administrativeArea>ACT</administrativeArea><postalCode>2601</postalCode><country>AUSTRALIA</country>            </address>
<electronicMailAddress>info@ala.org.au</electronicMailAddress>            <role>DISTRIBUTOR</role>
            </associatedParty>
            <pubDate>
                2023-09-08
            </pubDate>
        <language>ENGLISH</language>
            <abstract>
                    <para>Australasian Virtual Herbarium (AVH) data from the Northern Territory Herbarium (DNA)</para>
            </abstract>
            <intellectualRights>
                    <para>This work is licensed under a <ulink url="http://creativecommons.org/licenses/by/4.0/legalcode"><citetitle>Creative Commons Attribution (CC-BY) 4.0 License</citetitle></ulink>.</para>
            </intellectualRights>
            <distribution scope="document">
                <online>
                    <url function="information">https://collections.ala.org.au/public/show/dr15866</url>
                </online>
            </distribution>
            <contact>
<organizationName>Atlas of Living Australia</organizationName>            <address>
<deliveryPoint>CSIRO Ecosystems Services</deliveryPoint><city>Canberra</city><administrativeArea>ACT</administrativeArea><postalCode>2601</postalCode><country>AUSTRALIA</country>            </address>
<electronicMailAddress>info@ala.org.au</electronicMailAddress>            </contact>
            <methods>
            </methods>

    </dataset>

    <additionalMetadata>
        <metadata>
            <gbif>
                <dateStamp>2024-08-09T05:44:41Z</dateStamp>
                <citation>Department of Environment and Natural Resources (2023). Northern Territory Herbarium (DNA) AVH data. Occurrence dataset https://doi.org/10.15468/e46kae accessed via GBIF.org on 2024-08-09.</citation>
                    <resourceLogoUrl>https://collections.ala.org.au/data/dataProvider/avh_logo_green_transparent.png</resourceLogoUrl>
            </gbif>
        </metadata>
    </additionalMetadata>

</eml:eml>
