<?xml version="1.0" encoding="utf-8"?>
<eml:eml xmlns:eml="eml://ecoinformatics.org/eml-2.1.1" xmlns:xsi="http://www.w3.org/2001/XMLSchema-instance"
         xsi:schemaLocation="eml://ecoinformatics.org/eml-2.1.1 http://rs.gbif.org/schema/eml-gbif-profile/1.2/eml.xsd"
packageId="3fab912e-e927-4f1c-a97c-eb446cd609e0"  system="http://gbif.org" scope="system"
xml:lang="en">

    <dataset>
            <alternateIdentifier>10.15468/xlx9o4</alternateIdentifier>
                <alternateIdentifier>https://collections.ala.org.au/public/show/dr1010</alternateIdentifier>
                <alternateIdentifier>ab969ff1-1e4e-3d15-873a-69958ba0dc04</alternateIdentifier>
                <alternateIdentifier>http://collections.ala.org.au/public/show/dr1010</alternateIdentifier>
                <alternateIdentifier>3fab912e-e927-4f1c-a97c-eb446cd609e0</alternateIdentifier>
                <alternateIdentifier>b2d83219-6152-3375-b927-992e570ca5fd</alternateIdentifier>
                <alternateIdentifier>d704a6c6-0f1a-39fd-aa76-dc043f77ec4c</alternateIdentifier>
        <title>ClimateWatch</title>
            <creator>
<organizationName>ClimateWatch</organizationName>            </creator>
            <metadataProvider>
<organizationName>ClimateWatch</organizationName>            </metadataProvider>
            <associatedParty>
<organizationName>Atlas of Living Australia</organizationName>            <address>
<deliveryPoint>CSIRO Ecosystems Services</deliveryPoint><city>Canberra</city><administrativeArea>ACT</administrativeArea><postalCode>2601</postalCode><country>AUSTRALIA</country>            </address>
<electronicMailAddress>info@ala.org.au</electronicMailAddress>            <role>DISTRIBUTOR</role>
            </associatedParty>
            <pubDate>
                2022-04-07
            </pubDate>
        <language>ENGLISH</language>
            <abstract>
                    <para>ClimateWatch is a citizen science project developed in 2009 by Earthwatch to understand how climate change is affecting the seasonal behaviour (or phenology) of Australia&amp;#39;s plants and animals.  

ClimateWatch gives every Australian the opportunity to participate in a long-term climate change study. Observations can be made at one of over 70 ClimateWatch trails across the country (www.climatewatch.org.au/trails), or anywhere else in Australia (backyards, school grounds or parks and reserves). Observations are recorded using a smartphone application or online web platform.

Over 140 species of plants, birds, mammals, reptiles, insects and marine flora and fauna are currently being monitored. Species selection (http://www.climatewatch.org.au/species) has been supported by the ClimateWatch scientific advisory panel to study changes in species location or seasonal behaviour.

Observation methodologies and details about the project are outlined at www.climatewatch.org.au.</para>
            </abstract>
            <intellectualRights>
                    <para>This work is licensed under a <ulink url="http://creativecommons.org/licenses/by/4.0/legalcode"><citetitle>Creative Commons Attribution (CC-BY) 4.0 License</citetitle></ulink>.</para>
            </intellectualRights>
            <distribution scope="document">
                <online>
                    <url function="information">http://www.climatewatch.org.au/</url>
                </online>
            </distribution>
            <contact>
<organizationName>Atlas of Living Australia</organizationName>            <address>
<deliveryPoint>CSIRO Ecosystems Services</deliveryPoint><city>Canberra</city><administrativeArea>ACT</administrativeArea><postalCode>2601</postalCode><country>AUSTRALIA</country>            </address>
<electronicMailAddress>info@ala.org.au</electronicMailAddress>            </contact>
            <methods>
            </methods>

    </dataset>

    <additionalMetadata>
        <metadata>
            <gbif>
                <dateStamp>2024-08-09T05:44:42Z</dateStamp>
                <citation>ClimateWatch (2022). ClimateWatch. Occurrence dataset https://doi.org/10.15468/xlx9o4 accessed via GBIF.org on 2024-08-09.</citation>
                    <resourceLogoUrl>https://collections.ala.org.au/data/dataProvider/ClimateWatch+LOGO_green_STRAPLINE_512px.png</resourceLogoUrl>
            </gbif>
        </metadata>
    </additionalMetadata>

</eml:eml>
