<?xml version="1.0" encoding="utf-8"?>
<eml:eml xmlns:eml="eml://ecoinformatics.org/eml-2.1.1" xmlns:xsi="http://www.w3.org/2001/XMLSchema-instance"
         xsi:schemaLocation="eml://ecoinformatics.org/eml-2.1.1 http://rs.gbif.org/schema/eml-gbif-profile/1.2/eml.xsd"
packageId="73d4365a-8868-4d84-a6fd-51098b968170"  system="http://gbif.org" scope="system"
xml:lang="en">

    <dataset>
            <alternateIdentifier>10.15468/f6tipo</alternateIdentifier>
                <alternateIdentifier>https://collections.ala.org.au/public/show/dr571</alternateIdentifier>
                <alternateIdentifier>ee0519f0-e70a-3c5e-8e69-6c84187e6fee</alternateIdentifier>
                <alternateIdentifier>http://collections.ala.org.au/public/show/dr571</alternateIdentifier>
                <alternateIdentifier>73d4365a-8868-4d84-a6fd-51098b968170</alternateIdentifier>
                <alternateIdentifier>3b23d3e9-254c-3881-bdfa-97bde7b79955</alternateIdentifier>
                <alternateIdentifier>f1d50c61-3460-3d97-b02c-6a016b171697</alternateIdentifier>
                <alternateIdentifier>14103</alternateIdentifier>
        <title>First Bird Atlas</title>
            <creator>
<organizationName>BirdLife Australia</organizationName>            </creator>
            <metadataProvider>
<organizationName>BirdLife Australia</organizationName>            </metadataProvider>
            <associatedParty>
<organizationName>Atlas of Living Australia</organizationName>            <address>
<deliveryPoint>CSIRO Ecosystems Services</deliveryPoint><city>Canberra</city><administrativeArea>ACT</administrativeArea><postalCode>2601</postalCode><country>AUSTRALIA</country>            </address>
<electronicMailAddress>info@ala.org.au</electronicMailAddress>            <role>DISTRIBUTOR</role>
            </associatedParty>
            <pubDate>
                2022-01-14
            </pubDate>
        <language>ENGLISH</language>
            <abstract>
                    <para>Records collected by Birds Australia between 1977 and 1981, each survey was ascribed to a grid with the coords given as the central point. Grids size varied, with most being 10-minute grids or 1-degree grids.</para>
            </abstract>
            <intellectualRights>
                    <para>This work is licensed under a <ulink url="http://creativecommons.org/licenses/by-nc/4.0/legalcode"><citetitle>Creative Commons Attribution Non Commercial (CC-BY-NC) 4.0 License</citetitle></ulink>.</para>
            </intellectualRights>
            <distribution scope="document">
                <online>
                    <url function="information">http://www.birdsaustralia.com.au/</url>
                </online>
            </distribution>
            <contact>
<organizationName>Atlas of Living Australia</organizationName>            <address>
<deliveryPoint>CSIRO Ecosystems Services</deliveryPoint><city>Canberra</city><administrativeArea>ACT</administrativeArea><postalCode>2601</postalCode><country>AUSTRALIA</country>            </address>
<electronicMailAddress>info@ala.org.au</electronicMailAddress>            </contact>
            <methods>
            </methods>

    </dataset>

    <additionalMetadata>
        <metadata>
            <gbif>
                <dateStamp>2024-08-09T05:44:43Z</dateStamp>
                <citation>BirdLife Australia (2022). First Bird Atlas. Occurrence dataset https://doi.org/10.15468/f6tipo accessed via GBIF.org on 2024-08-09.</citation>
                    <resourceLogoUrl>https://collections.ala.org.au/data/dataProvider/ICONICBIRD_BLUE_CMYK_sml.jpg</resourceLogoUrl>
            </gbif>
        </metadata>
    </additionalMetadata>

</eml:eml>
