<?xml version="1.0" encoding="utf-8"?>
<eml:eml xmlns:eml="eml://ecoinformatics.org/eml-2.1.1" xmlns:xsi="http://www.w3.org/2001/XMLSchema-instance"
         xsi:schemaLocation="eml://ecoinformatics.org/eml-2.1.1 http://rs.gbif.org/schema/eml-gbif-profile/1.2/eml.xsd"
packageId="7ebef267-9d72-4c21-a276-cc84281a8590"  system="http://gbif.org" scope="system"
xml:lang="en">

    <dataset>
            <alternateIdentifier>10.15468/uye32x</alternateIdentifier>
                <alternateIdentifier>7ebef267-9d72-4c21-a276-cc84281a8590</alternateIdentifier>
                <alternateIdentifier>https://collections.ala.org.au/public/show/dr19123</alternateIdentifier>
                <alternateIdentifier>5c83cab6-902c-3044-839d-e66ed8f06395</alternateIdentifier>
        <title>NatureMapr</title>
            <creator>
<organizationName>NatureMapr</organizationName>            </creator>
            <metadataProvider>
<organizationName>NatureMapr</organizationName>            </metadataProvider>
            <associatedParty>
<organizationName>Atlas of Living Australia</organizationName>            <address>
<deliveryPoint>CSIRO Ecosystems Services</deliveryPoint><city>Canberra</city><administrativeArea>ACT</administrativeArea><postalCode>2601</postalCode><country>AUSTRALIA</country>            </address>
<electronicMailAddress>info@ala.org.au</electronicMailAddress>            <role>DISTRIBUTOR</role>
            </associatedParty>
            <pubDate>
                2023-06-30
            </pubDate>
        <language>ENGLISH</language>
            <abstract>
                    <para>NatureMapr is Australia&amp;#39;s fastest growing citizen science platform achieving real world outcomes through community.

NatureMapr&amp;#39;s mission is to empower anybody to report plant or animal information anywhere in Australia and ensure the information gets to the people that need to know about it.

Values:
- Establish productive partnerships with local and state government Australia wide
- Allow biodiversity information from anybody to contribute to real on the ground outcomes
- Nurture learning and knowledge sharing within a positive and supportive community environment
- Safeguard sensitive species through a comprehensive security model
- Provide a trusted, up to date, community driven field guide for every reserve across Australia
- Keep Aussie biodiversity data hosted on shore in Australia where it belongs!</para>
            </abstract>
            <intellectualRights>
                    <para>This work is licensed under a <ulink url="http://creativecommons.org/licenses/by/4.0/legalcode"><citetitle>Creative Commons Attribution (CC-BY) 4.0 License</citetitle></ulink>.</para>
            </intellectualRights>
            <distribution scope="document">
                <online>
                    <url function="information">https://naturemapr.org/</url>
                </online>
            </distribution>
            <contact>
<positionName>Contact</positionName><electronicMailAddress>support@naturemapr.org</electronicMailAddress>            </contact>
            <methods>
            </methods>

    </dataset>

    <additionalMetadata>
        <metadata>
            <gbif>
                <dateStamp>2024-08-09T05:44:44Z</dateStamp>
                <citation>NatureMapr (2023). NatureMapr. Occurrence dataset https://doi.org/10.15468/uye32x accessed via GBIF.org on 2024-08-09.</citation>
                    <resourceLogoUrl>https://collections.ala.org.au/data/dataProvider/naturemapr.png</resourceLogoUrl>
            </gbif>
        </metadata>
    </additionalMetadata>

</eml:eml>
