<?xml version="1.0" encoding="utf-8"?>
<eml:eml xmlns:eml="eml://ecoinformatics.org/eml-2.1.1" xmlns:xsi="http://www.w3.org/2001/XMLSchema-instance"
         xsi:schemaLocation="eml://ecoinformatics.org/eml-2.1.1 http://rs.gbif.org/schema/eml-gbif-profile/1.2/eml.xsd"
packageId="7f1df16a-f21e-47c4-837a-58b5d3461a9c"  system="http://gbif.org" scope="system"
xml:lang="en">

    <dataset>
            <alternateIdentifier>10.5852/ejt.2016.253</alternateIdentifier>
                <alternateIdentifier>7f1df16a-f21e-47c4-837a-58b5d3461a9c</alternateIdentifier>
                <alternateIdentifier>10.15468/s5snx9</alternateIdentifier>
                <alternateIdentifier>D7072C87-B839-4B55-A0A9-4785E04ACAA3</alternateIdentifier>
                <alternateIdentifier>FC39FF8EE325FF90FFC3FFC2FF93FFF1</alternateIdentifier>
        <title>Revision of the staphylinoid and ground-dwelling genus Carvalhoma Slater &amp; Gross (Insecta: Heteroptera: Miridae: Cylapinae) of Australia</title>
            <creator>
            <individualName>
<givenName>Anna A.</givenName>                    <surName>Namyatova</surName>
            </individualName>
            </creator>
            <creator>
            <individualName>
<givenName>Gerasimos</givenName>                    <surName>Cassis</surName>
            </individualName>
            </creator>
            <metadataProvider>
            <individualName>
                    <surName>valdenar</surName>
            </individualName>
<organizationName>Plazi</organizationName>            </metadataProvider>
            <associatedParty>
<organizationName>Plazi</organizationName>            <address>
<city>Bern</city><country>SWITZERLAND</country>            </address>
<electronicMailAddress>info@plazi.org</electronicMailAddress><onlineUrl>https://plazi.org/</onlineUrl>            <role>PUBLISHER</role>
            </associatedParty>
            <pubDate>
                2016-12-22
            </pubDate>
        <language>ENGLISH</language>
            <abstract>
                    <para>This dataset contains the digitized treatments in Plazi based on the original journal article Namyatova, Anna A., Cassis, Gerasimos (2016): Revision of the staphylinoid and ground-dwelling genus Carvalhoma Slater &amp;amp; Gross (Insecta: Heteroptera: Miridae: Cylapinae) of Australia. European Journal of Taxonomy 253: 1-27, DOI: 10.5852/ejt.2016.253</para>
            </abstract>
            <intellectualRights>
                    <para>To the extent possible under law, the publisher has waived all rights to these data and has dedicated them to the <ulink url="http://creativecommons.org/publicdomain/zero/1.0/legalcode"><citetitle>Public Domain (CC0 1.0)</citetitle></ulink>. Users may copy, modify, distribute and use the work, including for commercial purposes, without restriction.</para>
            </intellectualRights>
            <distribution scope="document">
                <online>
                    <url function="information">https://tb.plazi.org/GgServer/summary/FC39FF8EE325FF90FFC3FFC2FF93FFF1</url>
                </online>
            </distribution>
            <contact>
            <individualName>
<givenName>Guido</givenName>                    <surName>Sautter</surName>
            </individualName>
<electronicMailAddress>sautter@plazi.org</electronicMailAddress><onlineUrl>https://plazi.org</onlineUrl>            </contact>

    </dataset>

    <additionalMetadata>
        <metadata>
            <gbif>
                <dateStamp>2024-08-09T05:44:44Z</dateStamp>
                <citation>Namyatova A A, Cassis G, valdenar (2016). Revision of the staphylinoid and ground-dwelling genus Carvalhoma Slater &amp; Gross (Insecta: Heteroptera: Miridae: Cylapinae) of Australia. Plazi.org taxonomic treatments database. Checklist dataset https://doi.org/10.5852/ejt.2016.253 accessed via GBIF.org on 2024-08-09.</citation>
                    <bibliography>
                <citation>Namyatova, Anna A., Cassis, Gerasimos (2016): Revision of the staphylinoid and ground-dwelling genus Carvalhoma Slater &amp; Gross (Insecta: Heteroptera: Miridae: Cylapinae) of Australia. European Journal of Taxonomy 253: 1-27, DOI: 10.5852/ejt.2016.253</citation>
                    </bibliography>
            </gbif>
        </metadata>
    </additionalMetadata>

</eml:eml>
