<?xml version="1.0" encoding="utf-8"?>
<eml:eml xmlns:eml="eml://ecoinformatics.org/eml-2.1.1" xmlns:xsi="http://www.w3.org/2001/XMLSchema-instance"
         xsi:schemaLocation="eml://ecoinformatics.org/eml-2.1.1 http://rs.gbif.org/schema/eml-gbif-profile/1.2/eml.xsd"
packageId="8531183a-86b5-459b-a93e-37198f38f8a6"  system="http://gbif.org" scope="system"
xml:lang="en">

    <dataset>
            <alternateIdentifier>10.15468/hn7xl9</alternateIdentifier>
                <alternateIdentifier>8531183a-86b5-459b-a93e-37198f38f8a6</alternateIdentifier>
                <alternateIdentifier>https://collections.ala.org.au/public/show/dr10487</alternateIdentifier>
                <alternateIdentifier>abc1af97-848e-3cd7-9a7a-cd071bf30f10</alternateIdentifier>
        <title>Biome of Australia Soil Environments</title>
            <creator>
<organizationName>Biome of Australia Soil Environments</organizationName>            </creator>
            <metadataProvider>
<organizationName>Biome of Australia Soil Environments</organizationName>            </metadataProvider>
            <associatedParty>
<organizationName>Atlas of Living Australia</organizationName>            <address>
<deliveryPoint>CSIRO Ecosystems Services</deliveryPoint><city>Canberra</city><administrativeArea>ACT</administrativeArea><postalCode>2601</postalCode><country>AUSTRALIA</country>            </address>
<electronicMailAddress>info@ala.org.au</electronicMailAddress>            <role>DISTRIBUTOR</role>
            </associatedParty>
            <pubDate>
                2023-11-27
            </pubDate>
        <language>ENGLISH</language>
            <abstract>
                    <para>Soil provides the very basis for all our lives, largely through the provision of nutrients to plants that feed both animals and humans. As such, soil is not merely a passive player as it hosts microbial communities that are primary drivers of soil ecological processes, such as nutrient and carbon cycling, as well as being intimately involved in a range of symbiotic and pathogenic co-evolutionary relationships with plants.

The Biome of Australia Soil Environments (BASE) project is collecting DNA sequence information about microbial community composition across a range of different sites in order to create a reference map of Australia?s soil. The datasets are being made publicly available and can be linked with other measurements and data such as overland surveys, meteorological data and geological information to enhance the ecological knowledge of the Australian continent and contribute to land management strategies.

This Bioplatforms Australia Framework Data Initiative is employing amplicon (bacterial 16S, archael 16S, fungal ITS and bacterial 18S) and shotgun metagenomics sequencing approaches. Sequencing of cell sorted samples is being investigated in order to augment the dataset with the more abundant bacterial reference genomes.

The project is led by Drs Andrew Young (CSIRO), Pauline Mele (VIC Dept. Eco Dev.) and Andrew Bissett (CSIRO) in partnership with Atlas of Living Australia, Australian Antarctic Division, Australian National Data Service (ANDS), Bush Blitz, CSIRO, Department of Agriculture, Forestry and Fisheries, Department of Parks and Wildlife Western Australia, Department of The Environment (DOTE), Grains Research and Development Corporation, La Trobe University, Science and Industry Endowment Fund (SIEF), South Australian Research and Development Institute (SARDI), Tasmanian Land Conservancy, Terrestrial Ecosystem Research Network (TERN), University of Adelaide, University of New South Wales, University of Queensland, University of Tasmania, University of Western Australia, University of Western Sydney, Victorian Department of Economic Development.

For further information please visit the Bioplatforms Australia Metadata Portal: https://data.bioplatforms.com/organization/about/bpa-base

Project contacts:

Andrew Bissett | T: 02 6246 4820| andrew.bissett&amp;#64;csiro.au
Anna Fitzgerald | T: 02 9850 1174 | afitzgerald&amp;#64;bioplatforms.com</para>
            </abstract>
            <intellectualRights>
                    <para>This work is licensed under a <ulink url="http://creativecommons.org/licenses/by/4.0/legalcode"><citetitle>Creative Commons Attribution (CC-BY) 4.0 License</citetitle></ulink>.</para>
            </intellectualRights>
            <distribution scope="document">
                <online>
                    <url function="information">http://www.bioplatforms.com/soil-biodiversity/</url>
                </online>
            </distribution>
            <contact>
<organizationName>Atlas of Living Australia</organizationName>            <address>
<deliveryPoint>CSIRO Ecosystems Services</deliveryPoint><city>Canberra</city><administrativeArea>ACT</administrativeArea><postalCode>2601</postalCode><country>AUSTRALIA</country>            </address>
<electronicMailAddress>info@ala.org.au</electronicMailAddress>            </contact>
            <methods>
            </methods>

    </dataset>

    <additionalMetadata>
        <metadata>
            <gbif>
                <dateStamp>2024-08-09T05:44:45Z</dateStamp>
                <citation>Atlas of Living Australia (2023). Biome of Australia Soil Environments. Occurrence dataset https://doi.org/10.15468/hn7xl9 accessed via GBIF.org on 2024-08-09.</citation>
            </gbif>
        </metadata>
    </additionalMetadata>

</eml:eml>
