<?xml version="1.0" encoding="utf-8"?>
<eml:eml xmlns:eml="eml://ecoinformatics.org/eml-2.1.1" xmlns:xsi="http://www.w3.org/2001/XMLSchema-instance"
         xsi:schemaLocation="eml://ecoinformatics.org/eml-2.1.1 http://rs.gbif.org/schema/eml-gbif-profile/1.2/eml.xsd"
packageId="88e38292-f762-11e1-a439-00145eb45e9a"  system="http://gbif.org" scope="system"
xml:lang="en">

    <dataset>
            <alternateIdentifier>10.15468/tw2y9b</alternateIdentifier>
                <alternateIdentifier>2478</alternateIdentifier>
        <title>Mosquito Occurrence Dataset</title>
            <associatedParty>
            <individualName>
                    <surName>Jamie Christensen</surName>
            </individualName>
<electronicMailAddress>jamie@worldviewgis.com</electronicMailAddress>            <role>TECHNICAL_POINT_OF_CONTACT</role>
            </associatedParty>
        <language>ENGLISH</language>
            <abstract>
                    <para>Detailed data on the past and present distribution of mosquito vectors.</para>
            </abstract>
            <intellectualRights>
                    <para>This work is licensed under a <ulink url="http://creativecommons.org/licenses/by/4.0/legalcode"><citetitle>Creative Commons Attribution (CC-BY) 4.0 License</citetitle></ulink>.</para>
            </intellectualRights>
            <maintenance>
                <description>
                    <para></para>
                </description>
                <maintenanceUpdateFrequency>unkown</maintenanceUpdateFrequency>
            </maintenance>
            <contact>
            <individualName>
                    <surName>Desmond Foley, PhD</surName>
            </individualName>
<electronicMailAddress>foleydes@si.edu</electronicMailAddress>            </contact>

    </dataset>

    <additionalMetadata>
        <metadata>
            <gbif>
                <dateStamp>2024-08-09T05:44:45Z</dateStamp>
                <citation>Walter Reed Biosystematics Unit, Smithsonian Institution. Mosquito Occurrence Dataset. Occurrence dataset https://doi.org/10.15468/tw2y9b accessed via GBIF.org on 2024-08-09.</citation>
                    <physical>
                        <objectName>GBIF Occurrence Download</objectName>
                        <characterEncoding>UTF-8</characterEncoding>
                        <dataFormat>
                            <externallyDefinedFormat>
                                <formatName>Darwin Core Archive</formatName>
                            </externallyDefinedFormat>
                        </dataFormat>
                        <distribution>
                            <online>
                                <url function="download">http://api.gbif.org/v1/occurrence/download/request/0012474-180131172636756.zip</url>
                            </online>
                        </distribution>
                    </physical>
            </gbif>
        </metadata>
    </additionalMetadata>

</eml:eml>
