<?xml version="1.0" encoding="utf-8"?>
<eml:eml xmlns:eml="eml://ecoinformatics.org/eml-2.1.1" xmlns:xsi="http://www.w3.org/2001/XMLSchema-instance"
         xsi:schemaLocation="eml://ecoinformatics.org/eml-2.1.1 http://rs.gbif.org/schema/eml-gbif-profile/1.2/eml.xsd"
packageId="a79c2b50-6c8a-11de-8226-b8a03c50a862"  system="http://gbif.org" scope="system"
xml:lang="en">

    <dataset>
            <alternateIdentifier>10.15468/lotsye</alternateIdentifier>
                <alternateIdentifier>https://collections.ala.org.au/public/show/dr344</alternateIdentifier>
                <alternateIdentifier>8c1fa99c-0b0d-3e8c-a5c9-354db5787795</alternateIdentifier>
                <alternateIdentifier>http://collections.ala.org.au/public/show/dr344</alternateIdentifier>
                <alternateIdentifier>a79c2b50-6c8a-11de-8226-b8a03c50a862</alternateIdentifier>
                <alternateIdentifier>a7c89242-e13e-334d-b9f8-952d786c5134</alternateIdentifier>
                <alternateIdentifier>9b089fda-8659-38ab-ae2c-e1b7cb49c446</alternateIdentifier>
                <alternateIdentifier>14104</alternateIdentifier>
        <title>Queensland Museum provider for OZCAM</title>
            <creator>
<organizationName>OZCAM (Online Zoological Collections of Australian Museums) Provider</organizationName>            </creator>
            <creator>
<organizationName>Queensland Museum</organizationName>            </creator>
            <metadataProvider>
<organizationName>OZCAM (Online Zoological Collections of Australian Museums) Provider</organizationName>            </metadataProvider>
            <associatedParty>
<organizationName>Atlas of Living Australia</organizationName>            <address>
<deliveryPoint>CSIRO Ecosystems Services</deliveryPoint><city>Canberra</city><administrativeArea>ACT</administrativeArea><postalCode>2601</postalCode><country>AUSTRALIA</country>            </address>
<electronicMailAddress>info@ala.org.au</electronicMailAddress>            <role>DISTRIBUTOR</role>
            </associatedParty>
            <pubDate>
                2023-05-17
            </pubDate>
        <language>ENGLISH</language>
            <abstract>
                    <para>Queensland Museum provider for OZCAM</para>
            </abstract>
            <intellectualRights>
                    <para>This work is licensed under a <ulink url="http://creativecommons.org/licenses/by/4.0/legalcode"><citetitle>Creative Commons Attribution (CC-BY) 4.0 License</citetitle></ulink>.</para>
            </intellectualRights>
            <contact>
<organizationName>Atlas of Living Australia</organizationName>            <address>
<deliveryPoint>CSIRO Ecosystems Services</deliveryPoint><city>Canberra</city><administrativeArea>ACT</administrativeArea><postalCode>2601</postalCode><country>AUSTRALIA</country>            </address>
<electronicMailAddress>info@ala.org.au</electronicMailAddress>            </contact>
            <methods>
            </methods>

    </dataset>

    <additionalMetadata>
        <metadata>
            <gbif>
                <dateStamp>2024-08-09T05:44:45Z</dateStamp>
                <citation>Queensland Museum (2023). Queensland Museum provider for OZCAM. Occurrence dataset https://doi.org/10.15468/lotsye accessed via GBIF.org on 2024-08-09.</citation>
                    <resourceLogoUrl>https://collections.ala.org.au/data/dataProvider/ozcam.png</resourceLogoUrl>
            </gbif>
        </metadata>
    </additionalMetadata>

</eml:eml>
