<?xml version="1.0" encoding="utf-8"?>
<eml:eml xmlns:eml="eml://ecoinformatics.org/eml-2.1.1" xmlns:xsi="http://www.w3.org/2001/XMLSchema-instance"
         xsi:schemaLocation="eml://ecoinformatics.org/eml-2.1.1 http://rs.gbif.org/schema/eml-gbif-profile/1.2/eml.xsd"
packageId="b86fe411-8e62-4cd0-aab2-914d75401598"  system="http://gbif.org" scope="system"
xml:lang="en">

    <dataset>
            <alternateIdentifier>10.4225/15/5afcb927e8162</alternateIdentifier>
                <alternateIdentifier>10.15468/uzmdpm</alternateIdentifier>
                <alternateIdentifier>https://ipt.biodiversity.aq/resource?r=scar_raatd_trackingdata</alternateIdentifier>
                <alternateIdentifier>https://doi.org/10.4225/15/5afcadad6c130</alternateIdentifier>
        <title>The Retrospective Analysis of Antarctic Tracking (Standardised) Data from the Scientific Committee on Antarctic Research</title>
            <creator>
            <individualName>
<givenName>Yan</givenName>                    <surName>Ropert-Coudert</surName>
            </individualName>
<organizationName>Centre d’Etudes Biologiques de Chizé, Station d’Écologie de Chizé-Université de La Rochelle</organizationName>            <address>
<deliveryPoint>CNRS UMR7372</deliveryPoint><city>Villiers-en-Bois</city><postalCode>79360</postalCode><country>FRANCE</country>            </address>
<electronicMailAddress>yan.ropert-coudert@cebc.cnrs.fr</electronicMailAddress><onlineUrl>http://www.biodiversity.aq</onlineUrl>            </creator>
            <creator>
            <individualName>
<givenName>Anton P.</givenName>                    <surName>Van de Putte</surName>
            </individualName>
<organizationName>BEDIC, OD Nature, Royal Belgian Institute for Natural Sciences</organizationName>            <address>
<deliveryPoint>Rue Vautierstraat 29</deliveryPoint><city>Brussels</city><postalCode>B-1000</postalCode><country>BELGIUM</country>            </address>
<electronicMailAddress>bruno.danis@gmail.com</electronicMailAddress>            <userId directory="http://orcid.org/">0000-0003-1336-5554</userId>
            </creator>
            <creator>
            <individualName>
<givenName>Horst</givenName>                    <surName>Bornemann</surName>
            </individualName>
<organizationName>Alfred-Wegener-Institut Helmholtz-Zentrum für Polar- und Meeresforschung</organizationName>            <address>
<deliveryPoint>Am Handelshafen 12</deliveryPoint><city>Bremerhaven</city><postalCode>27570</postalCode>            </address>
<electronicMailAddress>bruno.danis@gmail.com</electronicMailAddress>            </creator>
            <creator>
            <individualName>
<givenName>Jean-Benoît</givenName>                    <surName>Charrassin</surName>
            </individualName>
<organizationName>Sorbonne Universités, UPMC University, Paris 06</organizationName>            <address>
<country>FRANCE</country>            </address>
            </creator>
            <creator>
            <individualName>
<givenName>Daniel P.</givenName>                    <surName>Costa</surName>
            </individualName>
<organizationName>Department of Ecology and Evolutionary Biology, University of California Santa Cruz</organizationName>            <address>
<country>UNITED_STATES</country>            </address>
            </creator>
            <creator>
            <individualName>
<givenName>Bruno</givenName>                    <surName>Danis</surName>
            </individualName>
<organizationName>Université Libre de Bruxelles, Marine Biology Lab</organizationName>            </creator>
            <creator>
            <individualName>
<givenName>Luis A.</givenName>                    <surName>Hückstädt</surName>
            </individualName>
<organizationName>Department of Ecology and Evolutionary Biology, University of California Santa Cruz</organizationName>            <address>
<country>UNITED_STATES</country>            </address>
            </creator>
            <creator>
            <individualName>
<givenName>Ian D.</givenName>                    <surName>Jonsen</surName>
            </individualName>
<organizationName>Department of Biological Sciences, Macquarie University</organizationName>            </creator>
            <creator>
            <individualName>
<givenName>Mary-Anne</givenName>                    <surName>Lea</surName>
            </individualName>
<organizationName>Institute for Marine and Antarctic Studies, University of Tasmania</organizationName>            </creator>
            <creator>
            <individualName>
<givenName>Ryan R.</givenName>                    <surName>Reisinger</surName>
            </individualName>
<organizationName>Centre d’Etudes Biologiques de Chizé, Station d’Écologie de Chizé-Université de La Rochelle</organizationName>            </creator>
            <creator>
            <individualName>
<givenName>David</givenName>                    <surName>Thompson</surName>
            </individualName>
<organizationName>National Institute of Water and Atmospheric Research Ltd</organizationName>            </creator>
            <creator>
            <individualName>
<givenName>Leigh G.</givenName>                    <surName>Torres</surName>
            </individualName>
<organizationName>Hatfield Marine Science Center</organizationName>            </creator>
            <creator>
            <individualName>
<givenName>Philip N.</givenName>                    <surName>Trathan</surName>
            </individualName>
<organizationName>British Antarctic Survey, Natural Environment Research Council</organizationName>            </creator>
            <creator>
            <individualName>
<givenName>Simon</givenName>                    <surName>Wotherspoon</surName>
            </individualName>
<organizationName>Institute for Marine and Antarctic Studies, University of Tasmania</organizationName>            </creator>
            <creator>
            <individualName>
<givenName>David G</givenName>                    <surName>Ainley</surName>
            </individualName>
            </creator>
            <creator>
            <individualName>
<givenName>Rachael</givenName>                    <surName>Alderman</surName>
            </individualName>
            </creator>
            <creator>
            <individualName>
<givenName>Virginia</givenName>                    <surName>Andrews-Goff</surName>
            </individualName>
            </creator>
            <creator>
            <individualName>
<givenName>Ben</givenName>                    <surName>Arthur</surName>
            </individualName>
            </creator>
            <creator>
            <individualName>
<givenName>Grant</givenName>                    <surName>Ballard</surName>
            </individualName>
            </creator>
            <creator>
            <individualName>
<givenName>John</givenName>                    <surName>Bengtson</surName>
            </individualName>
            </creator>
            <creator>
            <individualName>
<givenName>Marthán N.</givenName>                    <surName>Bester</surName>
            </individualName>
            </creator>
            <creator>
            <individualName>
<givenName>Lars</givenName>                    <surName>Boehme</surName>
            </individualName>
            </creator>
            <creator>
            <individualName>
<givenName>Charles-André</givenName>                    <surName>Bost</surName>
            </individualName>
            </creator>
            <creator>
            <individualName>
<givenName>Peter</givenName>                    <surName>Boveng</surName>
            </individualName>
            </creator>
            <creator>
            <individualName>
<givenName>Jaimie</givenName>                    <surName>Cleeland</surName>
            </individualName>
            </creator>
            <creator>
            <individualName>
<givenName>Rochelle</givenName>                    <surName>Constantine</surName>
            </individualName>
            </creator>
            <creator>
            <individualName>
<givenName>Robert J. M.</givenName>                    <surName>Crawford</surName>
            </individualName>
            </creator>
            <creator>
            <individualName>
<givenName>Luciano</givenName>                    <surName>Dalla Rosa</surName>
            </individualName>
            </creator>
            <creator>
            <individualName>
<givenName>P.J. Nico</givenName>                    <surName>de Bruyn</surName>
            </individualName>
            </creator>
            <creator>
            <individualName>
<givenName>Karine</givenName>                    <surName>Delord</surName>
            </individualName>
            </creator>
            <creator>
            <individualName>
<givenName>Sébastien</givenName>                    <surName>Descamps</surName>
            </individualName>
            </creator>
            <creator>
            <individualName>
<givenName>Mike</givenName>                    <surName>Double</surName>
            </individualName>
            </creator>
            <creator>
            <individualName>
<givenName>Louise</givenName>                    <surName>Emmerson</surName>
            </individualName>
            </creator>
            <creator>
            <individualName>
<givenName>Mike</givenName>                    <surName>Fedak</surName>
            </individualName>
            </creator>
            <creator>
            <individualName>
<givenName>Ari</givenName>                    <surName>Friedlander</surName>
            </individualName>
            </creator>
            <creator>
            <individualName>
<givenName>Nick</givenName>                    <surName>Gales</surName>
            </individualName>
            </creator>
            <creator>
            <individualName>
<givenName>Mike</givenName>                    <surName>Goebel</surName>
            </individualName>
            </creator>
            <creator>
            <individualName>
<givenName>Kimberly T.</givenName>                    <surName>Goetz</surName>
            </individualName>
            </creator>
            <creator>
            <individualName>
<givenName>Christophe</givenName>                    <surName>Guinet</surName>
            </individualName>
            </creator>
            <creator>
            <individualName>
<givenName>Simon D.</givenName>                    <surName>Goldsworthy</surName>
            </individualName>
            </creator>
            <creator>
            <individualName>
<givenName>Rob</givenName>                    <surName>Harcourt</surName>
            </individualName>
            </creator>
            <creator>
            <individualName>
<givenName>Jefferson</givenName>                    <surName>Hinke</surName>
            </individualName>
            </creator>
            <creator>
            <individualName>
<givenName>Kerstin</givenName>                    <surName>Jerosch</surName>
            </individualName>
            </creator>
            <creator>
            <individualName>
<givenName>Akiko</givenName>                    <surName>Kato</surName>
            </individualName>
            </creator>
            <creator>
            <individualName>
<givenName>Knowles R.</givenName>                    <surName>Kerry</surName>
            </individualName>
            </creator>
            <creator>
            <individualName>
<givenName>Roger</givenName>                    <surName>Kirkwood</surName>
            </individualName>
            </creator>
            <creator>
            <individualName>
<givenName>Gerald L.</givenName>                    <surName>Kooyma</surName>
            </individualName>
            </creator>
            <creator>
            <individualName>
<givenName>Kit M.</givenName>                    <surName>Kovacs</surName>
            </individualName>
            </creator>
            <creator>
            <individualName>
<givenName>Kieran</givenName>                    <surName>Lawton</surName>
            </individualName>
            </creator>
            <creator>
            <individualName>
<givenName>Andrew D.</givenName>                    <surName>Lowther</surName>
            </individualName>
            </creator>
            <creator>
            <individualName>
<givenName>Christian</givenName>                    <surName>Lydersen</surName>
            </individualName>
            </creator>
            <creator>
            <individualName>
<givenName>Phil O&apos;B.</givenName>                    <surName>Lyver</surName>
            </individualName>
            </creator>
            <creator>
            <individualName>
<givenName>Azwianewi B.</givenName>                    <surName>Makhado</surName>
            </individualName>
            </creator>
            <creator>
            <individualName>
<givenName>Maria E. I.</givenName>                    <surName>Márquez</surName>
            </individualName>
            </creator>
            <creator>
            <individualName>
<givenName>Birgitte</givenName>                    <surName>McDonald</surName>
            </individualName>
            </creator>
            <creator>
            <individualName>
<givenName>Clive</givenName>                    <surName>McMahon</surName>
            </individualName>
            </creator>
            <creator>
            <individualName>
<givenName>Monica</givenName>                    <surName>Muelbert</surName>
            </individualName>
            </creator>
            <creator>
            <individualName>
<givenName>Dominik</givenName>                    <surName>Nachtsheim</surName>
            </individualName>
            </creator>
            <creator>
            <individualName>
<givenName>Keith W.</givenName>                    <surName>Nicholls</surName>
            </individualName>
            </creator>
            <creator>
            <individualName>
<givenName>Erling S.</givenName>                    <surName>Nordøy</surName>
            </individualName>
            </creator>
            <creator>
            <individualName>
<givenName>Silvia</givenName>                    <surName>Olmastroni</surName>
            </individualName>
            </creator>
            <creator>
            <individualName>
<givenName>Richard A.</givenName>                    <surName>Phillips</surName>
            </individualName>
            </creator>
            <creator>
            <individualName>
<givenName>Pierre</givenName>                    <surName>Pistorius</surName>
            </individualName>
            </creator>
            <creator>
            <individualName>
<givenName>Joachim</givenName>                    <surName>Plötz</surName>
            </individualName>
            </creator>
            <creator>
            <individualName>
<givenName>Klemens</givenName>                    <surName>Pütz</surName>
            </individualName>
            </creator>
            <creator>
            <individualName>
<givenName>Norman</givenName>                    <surName>Ratcliffe</surName>
            </individualName>
            </creator>
            <creator>
            <individualName>
<givenName>Peter G.</givenName>                    <surName>Ryan</surName>
            </individualName>
            </creator>
            <creator>
            <individualName>
<givenName>Mercedes</givenName>                    <surName>Santos</surName>
            </individualName>
            </creator>
            <creator>
            <individualName>
<givenName>Arnoldus</givenName>                    <surName>Schytte Blix</surName>
            </individualName>
            </creator>
            <creator>
            <individualName>
<givenName>Colin</givenName>                    <surName>Southwell</surName>
            </individualName>
            </creator>
            <creator>
            <individualName>
<givenName>Iain</givenName>                    <surName>Staniland</surName>
            </individualName>
            </creator>
            <creator>
            <individualName>
<givenName>Akinori</givenName>                    <surName>Takahashi</surName>
            </individualName>
            </creator>
            <creator>
            <individualName>
<givenName>Arnaud</givenName>                    <surName>Tarroux</surName>
            </individualName>
            </creator>
            <creator>
            <individualName>
<givenName>Wayne</givenName>                    <surName>Trivelpiece</surName>
            </individualName>
            </creator>
            <creator>
            <individualName>
<givenName>Ewan</givenName>                    <surName>Wakefield</surName>
            </individualName>
            </creator>
            <creator>
            <individualName>
<givenName>Henri</givenName>                    <surName>Weimerskirch</surName>
            </individualName>
            </creator>
            <creator>
            <individualName>
<givenName>Barbara</givenName>                    <surName>Wienecke</surName>
            </individualName>
            </creator>
            <creator>
            <individualName>
<givenName>José C.</givenName>                    <surName>Xavier</surName>
            </individualName>
            </creator>
            <creator>
            <individualName>
<givenName>Ben</givenName>                    <surName>Raymond</surName>
            </individualName>
            </creator>
            <creator>
            <individualName>
<givenName>Mark A.</givenName>                    <surName>Hindell</surName>
            </individualName>
            </creator>
            <metadataProvider>
            <individualName>
<givenName>Anton</givenName>                    <surName>Van de Putte</surName>
            </individualName>
<organizationName>BEDIC, OD Nature, Royal Belgian Institute for Natural Sciences</organizationName>            <address>
<deliveryPoint>Rue Vautierstraat 29</deliveryPoint><city>Brussels</city><postalCode>B-1000</postalCode><country>BELGIUM</country>            </address>
<electronicMailAddress>antonarctica@gmail.com</electronicMailAddress>            </metadataProvider>
            <associatedParty>
            <individualName>
<givenName>Bruno</givenName>                    <surName>Danis</surName>
            </individualName>
<organizationName>Université Libre de Bruxelles</organizationName><positionName>Associate Professor</positionName>            <address>
<deliveryPoint>50, avenue FD Roosevelt</deliveryPoint><city>Brussels</city><administrativeArea>Brussels</administrativeArea><postalCode>1050</postalCode><country>BELGIUM</country>            </address>
<electronicMailAddress>bruno.danis@ulb.ac.be</electronicMailAddress><onlineUrl>http://biomar.ulb.ac.be</onlineUrl>            <userId directory="http://scholar.google.com/citations?user=">ag7Do1EAAAAJ&amp;hl=en</userId>
            <role>AUTHOR</role>
            </associatedParty>
            <associatedParty>
            <individualName>
<givenName>Anton</givenName>                    <surName>Van de Putte</surName>
            </individualName>
<organizationName>BEDIC, OD Nature, Royal Belgian Institute for Natural Sciences</organizationName><positionName>Project manager</positionName>            <address>
<deliveryPoint>Rue Vautierstraat 29</deliveryPoint><city>Brussels</city><administrativeArea>Brussels</administrativeArea><postalCode>1000</postalCode><country>BELGIUM</country>            </address>
            <userId directory="http://orcid.org/">0000-0003-1336-5554</userId>
            <role>AUTHOR</role>
            </associatedParty>
            <associatedParty>
            <individualName>
<givenName>Yan</givenName>                    <surName>Ropert-Coudert</surName>
            </individualName>
<organizationName>Centre d’Etudes Biologiques de Chizé, Station d’Écologie de Chizé-Université de La Rochelle</organizationName><positionName>Researcher</positionName>            <address>
<deliveryPoint>CNRS UMR7372</deliveryPoint><city>Villiers-en-Bois</city><postalCode>79360</postalCode><country>FRANCE</country>            </address>
<electronicMailAddress>yan.ropert-coudert@cebc.cnrs.fr</electronicMailAddress>            <role>AUTHOR</role>
            </associatedParty>
            <associatedParty>
            <individualName>
<givenName>Horst</givenName>                    <surName>Bornemann</surName>
            </individualName>
<organizationName>Alfred-Wegener-Institut Helmholtz-Zentrum für Polar- und Meeresforschung</organizationName><positionName>Researcher</positionName>            <address>
<deliveryPoint>Am Handelshafen 12</deliveryPoint><city>Bremerhaven</city><postalCode>27570</postalCode><country>GERMANY</country>            </address>
            <role>AUTHOR</role>
            </associatedParty>
            <associatedParty>
            <individualName>
<givenName>Jean-Benoît</givenName>                    <surName>Charrassin</surName>
            </individualName>
<organizationName>Sorbonne Universités, UPMC University, Paris 06</organizationName><positionName>Professor</positionName>            <address>
<deliveryPoint>UMR 7159 CNRS-IRD-MNHN, LOCEAN-IPSL</deliveryPoint><city>Paris</city><postalCode>75005</postalCode><country>FRANCE</country>            </address>
            <role>AUTHOR</role>
            </associatedParty>
            <associatedParty>
            <individualName>
<givenName>Mark</givenName>                    <surName>Hindell</surName>
            </individualName>
<organizationName>Antarctic Climate and Ecosystems Cooperative Research Centre, University of Tasmania,</organizationName><positionName>Professor</positionName>            <address>
<city>Hobart</city><country>AUSTRALIA</country>            </address>
            <userId directory="http://orcid.org/">0000-0002-7823-7185</userId>
            <role>AUTHOR</role>
            </associatedParty>
            <associatedParty>
            <individualName>
<givenName>Luis</givenName>                    <surName>Huckstadt</surName>
            </individualName>
<organizationName>Department of Ecology and Evolutionary Biology, University of California Santa Cruz, Long Marine Lab</organizationName><positionName>Researcher</positionName>            <address>
<deliveryPoint>115 McAllister Way</deliveryPoint><city>Santa Cruz</city><administrativeArea>California</administrativeArea><postalCode>CA 95060</postalCode><country>UNITED_STATES</country>            </address>
            <userId directory="http://orcid.org/">0000-0002-2453-7350</userId>
            <role>AUTHOR</role>
            </associatedParty>
            <associatedParty>
            <individualName>
<givenName>Ian D</givenName>                    <surName>Jonsen</surName>
            </individualName>
<organizationName>Department of Biological Sciences, Macquarie University</organizationName><positionName>Professor</positionName>            <address>
<city>Sydney</city><postalCode>Sydney, NSW 2109</postalCode><country>AUSTRALIA</country>            </address>
            <role>AUTHOR</role>
            </associatedParty>
            <associatedParty>
            <individualName>
<givenName>Ben</givenName>                    <surName>Raymond</surName>
            </individualName>
<organizationName>Australian Antarctic Division, Department of the Environment</organizationName><positionName>Associate Professor</positionName>            <address>
<deliveryPoint>203 Channel Hwy</deliveryPoint><city>Kingston</city><administrativeArea>Tasmania</administrativeArea><postalCode>TAS 7050</postalCode><country>AUSTRALIA</country>            </address>
            <role>AUTHOR</role>
            </associatedParty>
            <associatedParty>
            <individualName>
<givenName>Philip N.</givenName>                    <surName>Trathan</surName>
            </individualName>
<organizationName>British Antarctic Survey, Natural Environment Research Council</organizationName><positionName>Professor</positionName>            <address>
<deliveryPoint>High Cross, Madingley Road</deliveryPoint><city>Cambridge</city><postalCode>CB3 0ET</postalCode><country>UNITED_KINGDOM</country>            </address>
            <role>AUTHOR</role>
            </associatedParty>
            <associatedParty>
            <individualName>
<givenName>David</givenName>                    <surName>Thompson</surName>
            </individualName>
<organizationName>National Institute of Water and Atmospheric Research</organizationName><positionName>Researcher</positionName>            <address>
<country>NEW_ZEALAND</country>            </address>
            <role>AUTHOR</role>
            </associatedParty>
            <associatedParty>
            <individualName>
<givenName>Leigh G.</givenName>                    <surName>Torres</surName>
            </individualName>
<organizationName>OHatfield Marine Science Center</organizationName><positionName>Assistant Professor</positionName>            <address>
<deliveryPoint>2030 SE Marine Science Drive</deliveryPoint><city>Newport</city><administrativeArea>Oregon</administrativeArea><postalCode>OR 97365</postalCode><country>UNITED_STATES</country>            </address>
            <role>AUTHOR</role>
            </associatedParty>
            <associatedParty>
            <individualName>
<givenName>Daniel P.</givenName>                    <surName>Costa</surName>
            </individualName>
<organizationName>Department of Ecology and Evolutionary Biology, University of California Santa Cruz, Long Marine Lab</organizationName><positionName>Professor</positionName>            <address>
<deliveryPoint>115 McAllister Way</deliveryPoint><city>Santa Cruz</city><administrativeArea>California</administrativeArea><postalCode>CA 95060</postalCode><country>UNITED_STATES</country>            </address>
            <userId directory="http://orcid.org/">0000-0002-0233-5782</userId>
            <role>AUTHOR</role>
            </associatedParty>
            <associatedParty>
            <individualName>
<givenName>Mary-Anne</givenName>                    <surName>Lea</surName>
            </individualName>
<organizationName>Institute for Marine and Antarctic Studies, University of Tasmania</organizationName>            <address>
<deliveryPoint>20 Castray Esplanade</deliveryPoint><city>Battery Point</city><administrativeArea>Tasmania</administrativeArea><postalCode>TAS 7004</postalCode><country>AUSTRALIA</country>            </address>
            <userId directory="http://orcid.org/">0000-0001-8318-9299</userId>
            <role>AUTHOR</role>
            </associatedParty>
            <associatedParty>
            <individualName>
<givenName>Ryan R.</givenName>                    <surName>Reisinger</surName>
            </individualName>
<organizationName>Centre d’Etudes Biologiques de Chizé, Station d’Écologie de Chizé-Université de La Rochelle</organizationName>            <address>
<deliveryPoint>CNRS UMR7372</deliveryPoint><city>Villiers-en-Bois</city><postalCode>79360</postalCode><country>FRANCE</country>            </address>
            <userId directory="http://orcid.org/">0000-0002-8933-6875</userId>
            <role>AUTHOR</role>
            </associatedParty>
            <associatedParty>
            <individualName>
<givenName>David</givenName>                    <surName>Thompson</surName>
            </individualName>
<organizationName>National Institute of Water and Atmospheric Research Ltd</organizationName>            <address>
<deliveryPoint>301 Evans Bay Parade</deliveryPoint><city>Wellington</city><postalCode>6021</postalCode><country>NEW_ZEALAND</country>            </address>
            <role>AUTHOR</role>
            </associatedParty>
            <associatedParty>
            <individualName>
<givenName>Simon</givenName>                    <surName>Wotherspoon</surName>
            </individualName>
<organizationName>Institute for Marine and Antarctic Studies, University of Tasmania</organizationName>            <address>
<deliveryPoint>20 Castray Esplanade</deliveryPoint><city>Battery Point</city><administrativeArea>Tasmania</administrativeArea><postalCode>TAS 7004</postalCode><country>AUSTRALIA</country>            </address>
            <role>AUTHOR</role>
            </associatedParty>
            <associatedParty>
            <individualName>
<givenName>David G.</givenName>                    <surName>Ainley</surName>
            </individualName>
<organizationName>H.T. Harvey &amp; Associates</organizationName>            <address>
<deliveryPoint>983 University Avenue</deliveryPoint><city>Los Gatos</city><administrativeArea>California</administrativeArea><postalCode>CA 95032</postalCode><country>UNITED_STATES</country>            </address>
            <role>CONTENT_PROVIDER</role>
            </associatedParty>
            <pubDate>
                2020-09-30
            </pubDate>
        <language>ENGLISH</language>
            <abstract>
                    <para>The Southern Ocean is a remote, hostile environment where conducting marine biology is challenging, so we know relatively little about this important region, which is critical as a habitat for breeding and foraging of many marine endotherms.   Scientists from around the world have been tracking seals, penguins, petrels, whales and albatrosses for more than two decades to learn how they spend their time at sea. The Retrospective Analysis of Antarctic Tracking Data (RAATD), was initiated by the SCAR Expert Group on Marine Mammals (EG-BAMM) in 2010. This team has assembled tracking data shared by 38 biologists from 11 different countries to accumulate the largest animal tracking database in the world, containing information from 15 species, containing over 3,400 individual animals and almost 2.5 million at-sea locations. Analysing a dataset of this size brings its own challenges and the team is developing new and innovative statistical approaches to integrate these complex data. When complete RAATD will provide a greater understanding of fundamental ecosystem processes in the Southern Ocean, help predict the future of top predator distribution and help with spatial management planning.</para>
            </abstract>
                <keywordSet>
                        <keyword>Occurrence</keyword>
                        <keywordThesaurus>GBIF Dataset Type Vocabulary: http://rs.gbif.org/vocabulary/gbif/dataset_type.xml</keywordThesaurus>
                </keywordSet>
                <keywordSet>
                        <keyword>ANIMAL ECOLOGY AND BEHAVIOR
BIRDS
ALBATROSSES/PETRELS AND ALLIES
PENGUINS
MAMMALS
SEALS/SEA LIONS/WALRUSES
BALEEN WHALES</keyword>
                        <keywordThesaurus>GCMD_science_keyword_8.4</keywordThesaurus>
                </keywordSet>
            <additionalInfo>
                <para>marine, harvested by iOBIS</para>
            </additionalInfo>
            <intellectualRights>
                    <para>This work is licensed under a <ulink url="http://creativecommons.org/licenses/by/4.0/legalcode"><citetitle>Creative Commons Attribution (CC-BY) 4.0 License</citetitle></ulink>.</para>
            </intellectualRights>
            <coverage>
                    <geographicCoverage>
                            <geographicDescription>The dataset is restricted to the Southern Ocean, in a broad sense.

All species considered in this dataset have circumpolar distributions with a longitudinal range spanning 180°W to 180°E. The species breed either on the coast of the Antarctic continent or on the sub-Antarctic islands to the north</geographicDescription>
                            <boundingCoordinates>
                                <westBoundingCoordinate>-180</westBoundingCoordinate>
                                <eastBoundingCoordinate>180</eastBoundingCoordinate>
                                <northBoundingCoordinate>-40</northBoundingCoordinate>
                                <southBoundingCoordinate>-90</southBoundingCoordinate>
                            </boundingCoordinates>
                    </geographicCoverage>
                    <temporalCoverage>
                            <rangeOfDates>
                                <beginDate>
                                    <calendarDate>                1991-01-01
</calendarDate>
                                </beginDate>
                                <endDate>
                                    <calendarDate>                2015-12-31
</calendarDate>
                                </endDate>
                            </rangeOfDates>
                    </temporalCoverage>
                        <taxonomicCoverage>
                                <generalTaxonomicCoverage>Seventeen species of meso- and top predators were included in the dataset, five marine mammals (one baleen whale, one otariid and three phocid seals) and twelve seabirds (five penguin, five albatross, and two petrels). The species cover a diverse range of ecological niches and life history traits and include dietary specialists (e.g. crabeater seals), deep divers (e.g. elephant seal Mirounga leonina and emperor penguin Aptenodytes forsteri), wide ranging, highly migratory species (e.g. wandering albatross Diomedea exulans), nearshore foragers (e.g. Adélie penguin Pygoscelis adeliae) and capital (e.g. Weddell seal) versus income (e.g. Antarctic fur seal Arctocephalus gazella) breeders.</generalTaxonomicCoverage>
                                <taxonomicClassification>
                                        <taxonRankName>Species</taxonRankName>
                                    <taxonRankValue>Pygoscelis adeliae</taxonRankValue>
                                        <commonName>Adelie penguin</commonName>
                                </taxonomicClassification>
                                <taxonomicClassification>
                                        <taxonRankName>Species</taxonRankName>
                                    <taxonRankValue>Aptenodytes forsteri</taxonRankValue>
                                        <commonName>Emperor penguin</commonName>
                                </taxonomicClassification>
                                <taxonomicClassification>
                                        <taxonRankName>Species</taxonRankName>
                                    <taxonRankValue>Thalassarche melanophris</taxonRankValue>
                                        <commonName>Black browed albatross</commonName>
                                </taxonomicClassification>
                                <taxonomicClassification>
                                        <taxonRankName>Species</taxonRankName>
                                    <taxonRankValue>Eudyptes chrysolophus</taxonRankValue>
                                        <commonName>Macaroni penguin</commonName>
                                </taxonomicClassification>
                                <taxonomicClassification>
                                        <taxonRankName>Species</taxonRankName>
                                    <taxonRankValue>Aptenodytes patagonicus</taxonRankValue>
                                        <commonName>King penguin</commonName>
                                </taxonomicClassification>
                                <taxonomicClassification>
                                        <taxonRankName>Species</taxonRankName>
                                    <taxonRankValue>Thalassarche chrysostoma</taxonRankValue>
                                        <commonName>Grey headed albatross</commonName>
                                </taxonomicClassification>
                                <taxonomicClassification>
                                        <taxonRankName>Species</taxonRankName>
                                    <taxonRankValue>Diomedea exulans</taxonRankValue>
                                        <commonName>Wandering albatross</commonName>
                                </taxonomicClassification>
                                <taxonomicClassification>
                                        <taxonRankName>Species</taxonRankName>
                                    <taxonRankValue>Phoebetria palpebrata</taxonRankValue>
                                        <commonName>Light mantled albatross</commonName>
                                </taxonomicClassification>
                                <taxonomicClassification>
                                        <taxonRankName>Species</taxonRankName>
                                    <taxonRankValue>Phoebetria fusca</taxonRankValue>
                                        <commonName>Dark mantled sooty albatross</commonName>
                                </taxonomicClassification>
                                <taxonomicClassification>
                                        <taxonRankName>Species</taxonRankName>
                                    <taxonRankValue>Thalassoica antarctica</taxonRankValue>
                                        <commonName>Antarctic petrel</commonName>
                                </taxonomicClassification>
                                <taxonomicClassification>
                                        <taxonRankName>Species</taxonRankName>
                                    <taxonRankValue>Procellaria aequinoctialis</taxonRankValue>
                                        <commonName>White-chinned petrel</commonName>
                                </taxonomicClassification>
                                <taxonomicClassification>
                                        <taxonRankName>Species</taxonRankName>
                                    <taxonRankValue>Mirounga leonina</taxonRankValue>
                                        <commonName>Southern elephant seals</commonName>
                                </taxonomicClassification>
                                <taxonomicClassification>
                                        <taxonRankName>Species</taxonRankName>
                                    <taxonRankValue>Leptonychotes weddellii</taxonRankValue>
                                        <commonName>Weddell seals</commonName>
                                </taxonomicClassification>
                                <taxonomicClassification>
                                        <taxonRankName>Species</taxonRankName>
                                    <taxonRankValue>Lobodon carcinophagus</taxonRankValue>
                                        <commonName>Crabeater seals</commonName>
                                </taxonomicClassification>
                                <taxonomicClassification>
                                        <taxonRankName>Species</taxonRankName>
                                    <taxonRankValue>Arctocephalus gazella</taxonRankValue>
                                        <commonName>Antarctic fur seals</commonName>
                                </taxonomicClassification>
                                <taxonomicClassification>
                                        <taxonRankName>Species</taxonRankName>
                                    <taxonRankValue>Megaptera novaeangliae</taxonRankValue>
                                        <commonName>Humpback whales</commonName>
                                </taxonomicClassification>
                        </taxonomicCoverage>
            </coverage>
            <maintenance>
                <description>
                    <para></para>
                </description>
                <maintenanceUpdateFrequency>asNeeded</maintenanceUpdateFrequency>
            </maintenance>
            <contact>
            <individualName>
<givenName>Yan</givenName>                    <surName>Ropert-Coudert</surName>
            </individualName>
<organizationName>Centre d’Etudes Biologiques de Chizé, Station d’Écologie de Chizé-Université de La Rochelle</organizationName>            <address>
<deliveryPoint>CNRS UMR7372</deliveryPoint><city>Villiers-en-Bois</city><postalCode>79360</postalCode><country>FRANCE</country>            </address>
            </contact>
            <contact>
            <individualName>
<givenName>Anton P.</givenName>                    <surName>Van de Putte</surName>
            </individualName>
<organizationName>BEDIC, OD Nature, Royal Belgian Institute for Natural Sciences</organizationName><positionName>Project Manager</positionName>            </contact>
            <methods>
                    <methodStep>
                        <description>
                            <para>Data Collection
Starting from 2010, the core group of RAATD compiled a catalogue of existing (both published and unpublished) tracking data by contacting international experts and asking them to contribute data. The data collection phase ended in 2016. Besides directly contacting researchers, the team also harvested data from existing repositories, including the Australian Antarctic Data Center (https://data.aad.gov.au/), the Integrated Marine Observing System (http://imos.org.au/), PANGAEA (https://www.pangaea.de/), BirdLife International (http://www.seabirdtracking.org/), the Antarctic Biodiversity Portal (http://www.biodiversity.aq/), Ocean Biogeographic Information System (http://www.iobis.org/), and the Global Biodiversity Information Facility (http://www.gbif.org/).</para>
                        </description>
                    </methodStep>
                    <methodStep>
                        <description>
                            <para>Associated metadata
Where available, information on the deployment site and relevant characteristics of the animal at the time of deployment was standardized by the data editors. Where age class and sex were known, these were included in the metadata</para>
                        </description>
                    </methodStep>
                    <methodStep>
                        <description>
                            <para>Data standardization
Location dates and times were converted to UTC (Coordinated Universal Time). Records with missing latitude or longitude values were removed, and all longitudes were transformed to lie between 180° W and 180° E. Data files were row-ordered by individual, with rows within an individual in their correct temporal sequence. Near-duplicate positions were removed, those positions defined as having occurred 3 seconds or less after an existing position fix from the same animal, and which had identical longitude and latitude values (for GPS devices) or longitude and latitude values that differed by less than 1e-05 and which had the same location quality value (for PTT devices). 
Entries in the age class, breeding stage, device type, location quality, scientific, common, and abbreviated name, sex, and deployment site columns were validated against controlled vocabularies. Mandatory entries (e.g. deployment date, device type, individual animal identifier) were checked for missing values.

Deployment locations were recorded by the original field team either at the individual animal level (using e.g. a hand-held GPS device) or at the deployment-site level (i.e. one deployment location per group of animals). The latter was common for deployments at colonies, whereas the former was most common for non-colony deployments (e.g. on seals and whales). Where deployment locations were not recorded by the field team, the first location estimate(s) in the tracking data were used. Deployment site names were standardized to colony granularity wherever possible (e.g. to the beach-on-island level).

Periods at the start or end of deployments were identified and discarded if there was evidence that location data during these periods did not represent the animals’ at-sea movement. For example, tags may have been turned on early (thereby recording locations prior to their deployment on animals) or animals may have remained at the deployment site, e.g. the breeding colony, for an extended period at the start or end of the tag deployment. Some tracks also showed a marked deterioration in the frequency and quality (for PTTs) of location estimates near the end of a track. Such locations were visually identified based on maps of each track in conjunction with plots of location distance from deployment site against time. This information is captured in the location_to_keep column appended to each species’ raw data file (1 = keep, 0 = discard).</para>
                        </description>
                    </methodStep>
                    <methodStep>
                        <description>
                            <para>Data filtering
The trimmed data were subjected to a number of automated quality control checks to remove individual deployments that: 1) were flagged for removal by the Data Editor Group (using the keepornot column in the metadata file); 2) had fewer than 20 location records; and 3) had deployments lasting less than 1 day. Additionally, individual deployments were checked to ensure that: 1) duplicate records in PTTs (locations occurring within 2 min of each other) were removed; 2) PTT Argos Z-class locations were reclassified as B-class locations (the least precise Argos location quality class that has an associated error variance; Jonsen et al. 2005); and 3) locations implying unrealistic travel rates (&gt; 10 m s-1 for penguins and marine mammals and &gt; 30 m s-1 for flying seabirds) were removed. Note that the definition of “duplicate locations” in this filtering context is more aggressive than that used during data standardization: for standardization purposes, the intention was to keep the data as close to original as possible, whereas for filtering the presence of multiple positions in a short period of time (&lt; 2 min) has a negative effect on the filter performance.
A state-space model (SSM) was used to estimate locations at regular time intervals (1 h for GPS data; 2 h for Argos data; 12 h for GLS data) and account for measurement error in the original observations (Jonsen et al. 2005, Block et al. 2011). The data were SSM-filtered and subject to a final quality control where tracks that failed to converge, as judged by nlminb convergence criteria (Nash 2014), were re-fit using different initial values. If re-fit tracks continually failed to converge they were removed from the final filtered dataset. For converged tracks, longitude and latitude residuals were examined for systematic trends indicative of lack of fit. Tracks that failed this inspection were removed from the final filtered dataset.</para>
                        </description>
                    </methodStep>
                    <methodStep>
                        <description>
                            <para>Data publication
The core working team of RAATD established a data sharing and publication agreement with all data providers in 2017. The standardized (trimmed) data are held here. The filtered data are published in international repositories (see details below, in the ‘Filtered Data’ section).</para>
                        </description>
                    </methodStep>
                    <sampling>
                        <studyExtent>
                            <description>
                                <para>All species considered in this dataset have circumpolar distributions with a longitudinal range spanning 180°W to 180°E. The species breed either on the coast of the Antarctic continent or on the sub-Antarctic islands to the north. Species with geographically limited distributions (such as chinstrap penguins Pygoscelis antarcticus) were not included. In addition, a number of deployments in the Antarctic (crabeater seals Lobodon carcinophagus and Weddell seals Leptonychotes weddellii) were conducted in the pack ice at un-named locations. Similarly, humpback whales Megaptera novaengeliae were instrumented at sea either off the coast of the Antarctic Peninsula or off Australia.</para>
                            </description>
                        </studyExtent>
                        <samplingDescription>
                            <para>Original deployment of tracking devices
The RAATD core group (Fig. 1) aggregated data from three types of tracking device used by individual research teams. In increasing order of precision these are light recording Global Location Sensors (GLS loggers or geolocators), satellite-relayed Platform Terminal Transmitters (PTTs), and Global Positioning System devices (GPS). Typically, GLS and GPS devices record data in internal memory, and so must be physically recovered in order to download the data. PTTs transmit a carrier signal to satellites, and so can deliver data remotely and in near-real time. Some modern devices now combine the capabilities of PTT and GPS (or other) devices, relaying data to satellites. A GLS device, which is the smallest thus allowing deployment on the smaller predators, typically records ambient light levels through the day from which relatively coarse estimates of latitude and longitude can be calculated (~100–200 km) using day length and timing of local noon. Some GLS units can also record sea surface temperature, and this can help refine position estimates. GLS locations were estimated by the data contributors using five methods (Phillips et al. 2004, Sumner et al. 2009, Lisovski &amp; Hahn 2012, Bindoff 2017, Wotherspoon 2017) (Supplementary File S2). With very small batteries, the data are usually archived and thus animals must be recaptured to download the data. GPS tags make use of global navigation satellite systems and provide very high resolution (~10 m) location fixes and time information. PTT tags transmit signals to ARGOS satellites which transfer the received signals and their frequencies to a receiving station at the Collecte de Localisation Satellites (CLS) in Toulouse, France, to estimate locations based on Doppler shifts in the received signals to a medium level of accuracy(~1,000 m). Processing by CLS involved a least-squares filtering method up to 2008, thereafter using Kalman filters (Lopez et al. 2014). Different models of GLS, PTT, and GPS devices from different manufactures have been used throughout the years, each of these having specific characteristics (size, operating modes, etc.) that may influence accuracy of the locations, but as device type was not always provided by the data providers, we applied standard corrections (see below). Device attachment to animals was also species-specific. When loggers are small enough, like GLS, they are mounted on leg or flipper bands, while larger data-loggers and transmitters are often attached to the plumage or fur on the back or head of the animal, a position that optimizes data communication with satellites. Modes of attachment on the back varied from using harnesses, glue or marine tape. For whales, transmitters with cutaneous anchors were attached to the back, using poles, cross bows or air guns. Scientists limited handling time and stress as much as possible during attachment and retrieval of devices (e.g. Field et al. 2012), following established animal handling guidelines, and institutional ethical review. However, it should be noted that our dataset contains tracking data that span almost three decades during which time substantial progress has been made in terms of miniaturization and advances in electronic components. Any adverse effects of devices on animals are therefore likely to be less acute in recent years than in the earlier years of tracking. Consideration of adverse reaction on study animals has been reviewed in the past (e.g. Phillips et al. 2003, Vandenabeele et al. 2012, Bannasch et al. 1994).</para>
                        </samplingDescription>
                    </sampling>
            </methods>

            <project id="RAATD">
                <title>Retrospective Analysis of Antarctic Tracking data</title>
                    <personnel>
            <individualName>
<givenName>Bruno</givenName>                    <surName>Danis</surName>
            </individualName>
            <userId directory="http://scholar.google.com/citations?user=">ag7Do1EAAAAJ&amp;hl=en</userId>
            <role>AUTHOR</role>
                    </personnel>
                    <personnel>
            <individualName>
<givenName>Mark</givenName>                    <surName>Hindell</surName>
            </individualName>
            <role>EDITOR</role>
                    </personnel>
                    <personnel>
            <individualName>
<givenName>Yan</givenName>                    <surName>Ropert-Coudert</surName>
            </individualName>
            <role>EDITOR</role>
                    </personnel>
                    <personnel>
            <individualName>
<givenName>Anton</givenName>                    <surName>Van de Putte</surName>
            </individualName>
            <role>AUTHOR</role>
                    </personnel>
                <abstract>
                    <para>The Retrospective Analysis of Antarctic Tracking Data (RAATD) was initiated in 2010 by  the Expert Group on Birds and Marine Mammals (EG-BAMM) and the Expert Group on Antarctic Biodiversity Informatics (EGABI) of the Scientific Committee on Antarctic Research (SCAR).
RAATD aims to advance our understanding of both fundamental and applied questions in a data-driven way, matching research priorities already identified by the SCAR Horizon Scanand key questions in animal movement ecology. 
For these reasons,  we worked on the collation, validation and preparation of tracking data collected south of 45° S. Data from over 70 contributors were collated. This database includes information from 17 predator species, including 4,060 individuals and over 2.9 million at-sea locations. To exploit this unique dataset, RAATD undertook a multi-species assessment of habitat use for higher predators in the Southern Ocean (Hindell et al. in prep.).</para>
                </abstract>
                <funding>
                    <para>Support and funding were provided by supranational committees and organisations including the Scientific Committee on Antarctic Research Life Science Group and BirdLife International, as well as from various national institutions (see also author affiliations) and foundations, including but not limited to Argentina (Dirección Nacional del Antártico), Australia (Australian Antarctic program; Australian Research Council; Sea World Research and Rescue Foundation Inc., IMOS is a national collaborative research infrastructure, supported by the Australian Government and operated by a consortium of institutions as an unincorporated joint venture, with the University of Tasmania as Lead Agent), Belgium (Belgian Science Policy Office), Brazil (Brazilian Antarctic Programme; Brazilian National Research Council (CNPq/MCTI) and CAPES), France (Agence Nationale de la Recherche; Centre National d’Etudes Spatiales; Centre National de la Recherche Scientifique; CESAB-FRB as part of the activities of the RAATD Working Group; Fondation Total; Institut Paul-Emile Victor; Programme Zone Atelier de Recherches sur l’Environnement Antarctique et Subantarctique; Terres Australes et Antarctiques Françaises), Germany (Hanse-Wissenschaftskolleg - Institute for Advanced Study), Italy (Italian National Antarctic Research Program; Ministry for Education University and Research), Japan (Japanese Antarctic Research Expedition; JSPS Kakenhi grant; National Science Foundation), Monaco (Fondation Prince Albert II de Monaco), New Zealand (National Environmental Research Council, Norway (National Environmental Research Council; Norwegian Antarctic Research Expeditions; Norwegian Research Council), Portugal (Foundation for Science and Technology), South Africa (Department of Environmental Affairs; National Research Foundation; South African National Antarctic Programme), UK (Darwin Plus; Ecosystems Programme at the British Antarctic Survey; Natural Environment Research Council; WWF), and USA (U.S. AMLR Program of NOAA Fisheries; US Office of Polar Programs).</para>
                </funding>
            </project>
    </dataset>

    <additionalMetadata>
        <metadata>
            <gbif>
                <dateStamp>2024-08-09T05:44:46Z</dateStamp>
                <citation>Ropert-Coudert Y, Van de Putte A P, Bornemann H, Charrassin J, Costa D P, Danis B, Hückstädt L A, Jonsen I D, Lea M, Reisinger R R, Thompson D, Torres L G, Trathan P N, Wotherspoon S, Ainley D G, Alderman R, Andrews-Goff V, Arthur B, Ballard G, Bengtson J, Bester M N, Boehme L, Bost C, Boveng P, Cleeland J, Constantine R, Crawford R J M, Dalla Rosa L, de Bruyn P N, Delord K, Descamps S, Double M, Emmerson L, Fedak M, Friedlander A, Gales N, Goebel M, Goetz K T, Guinet C, Goldsworthy S D, Harcourt R, Hinke J, Jerosch K, Kato A, Kerry K R, Kirkwood R, Kooyma G L, Kovacs K M, Lawton K, Lowther A D, Lydersen C, Lyver P O, Makhado A B, Márquez M E I, McDonald B, McMahon C, Muelbert M, Nachtsheim D, Nicholls K W, Nordøy E S, Olmastroni S, Phillips R A, Pistorius P, Plötz J, Pütz K, Ratcliffe N, Ryan P G, Santos M, Schytte Blix A, Southwell C, Staniland I, Takahashi A, Tarroux A, Trivelpiece W, Wakefield E, Weimerskirch H, Wienecke B, Xavier J C, Raymond B, Hindell M A (2020): The Retrospective Analysis of Antarctic Tracking (Standardised) Data from the Scientific Committee on Antarctic Research. v1.3. SCAR - AntOBIS. Dataset/Metadata. https://ipt.biodiversity.aq/resource?r=raatd_scar_trackingdata&amp;v=1.3 https://doi.org/10.4225/15/5afcb927e8162 accessed via GBIF.org on 2024-08-09.</citation>
                    <physical>
                        <objectName></objectName>
                        <characterEncoding></characterEncoding>
                        <dataFormat>
                            <externallyDefinedFormat>
                                <formatName></formatName>
                            </externallyDefinedFormat>
                        </dataFormat>
                        <distribution>
                            <online>
                                <url function="download"></url>
                            </online>
                        </distribution>
                    </physical>
            </gbif>
        </metadata>
    </additionalMetadata>

</eml:eml>
