<?xml version="1.0" encoding="utf-8"?>
<eml:eml xmlns:eml="eml://ecoinformatics.org/eml-2.1.1" xmlns:xsi="http://www.w3.org/2001/XMLSchema-instance"
         xsi:schemaLocation="eml://ecoinformatics.org/eml-2.1.1 http://rs.gbif.org/schema/eml-gbif-profile/1.2/eml.xsd"
packageId="d510984b-1cf9-43ba-94d0-a949f43d82f8"  system="http://gbif.org" scope="system"
xml:lang="en">

    <dataset>
            <alternateIdentifier>10.15468/yr1fds</alternateIdentifier>
                <alternateIdentifier>https://collections.ala.org.au/public/show/dr741</alternateIdentifier>
                <alternateIdentifier>63644cc1-d968-3132-8ea3-144ecf076492</alternateIdentifier>
                <alternateIdentifier>http://collections.ala.org.au/public/show/dr741</alternateIdentifier>
                <alternateIdentifier>d510984b-1cf9-43ba-94d0-a949f43d82f8</alternateIdentifier>
                <alternateIdentifier>58eb0443-c115-34ff-b152-112a25b0a08f</alternateIdentifier>
                <alternateIdentifier>0e3d08a4-0154-395c-b67b-c8503e7af81d</alternateIdentifier>
        <title>Records from the South Australian Seed Conservation Centre</title>
            <creator>
<organizationName>Australian Seedbank Partnership</organizationName>            </creator>
            <creator>
<organizationName>Botanic Gardens of Adelaide</organizationName>            </creator>
            <creator>
<organizationName>South Australian Seed Conservation Centre</organizationName>            </creator>
            <metadataProvider>
<organizationName>Australian Seedbank Partnership</organizationName>            </metadataProvider>
            <associatedParty>
<organizationName>Atlas of Living Australia</organizationName>            <address>
<deliveryPoint>CSIRO Ecosystems Services</deliveryPoint><city>Canberra</city><administrativeArea>ACT</administrativeArea><postalCode>2601</postalCode><country>AUSTRALIA</country>            </address>
<electronicMailAddress>info@ala.org.au</electronicMailAddress>            <role>DISTRIBUTOR</role>
            </associatedParty>
            <pubDate>
                2019-09-26
            </pubDate>
        <language>ENGLISH</language>
            <abstract>
                    <para>Records from the South Australian Seed Conservation Centre</para>
            </abstract>
            <intellectualRights>
                    <para>This work is licensed under a <ulink url="http://creativecommons.org/licenses/by/4.0/legalcode"><citetitle>Creative Commons Attribution (CC-BY) 4.0 License</citetitle></ulink>.</para>
            </intellectualRights>
            <distribution scope="document">
                <online>
                    <url function="information">http://www.environment.sa.gov.au/botanicgardens/Gardens_and_Collections/Seed_Conservation_Centre_share</url>
                </online>
            </distribution>
            <contact>
<organizationName>Atlas of Living Australia</organizationName>            <address>
<deliveryPoint>CSIRO Ecosystems Services</deliveryPoint><city>Canberra</city><administrativeArea>ACT</administrativeArea><postalCode>2601</postalCode><country>AUSTRALIA</country>            </address>
<electronicMailAddress>info@ala.org.au</electronicMailAddress>            </contact>
            <methods>
            </methods>

    </dataset>

    <additionalMetadata>
        <metadata>
            <gbif>
                <dateStamp>2024-08-09T05:44:47Z</dateStamp>
                <citation>Botanic Gardens of Adelaide (2019). Records from the South Australian Seed Conservation Centre. Occurrence dataset https://doi.org/10.15468/yr1fds accessed via GBIF.org on 2024-08-09.</citation>
                    <resourceLogoUrl>https://collections.ala.org.au/data/dataProvider/seedbank_logo_0.png</resourceLogoUrl>
            </gbif>
        </metadata>
    </additionalMetadata>

</eml:eml>
