<?xml version="1.0" encoding="utf-8"?>
<eml:eml xmlns:eml="eml://ecoinformatics.org/eml-2.1.1" xmlns:xsi="http://www.w3.org/2001/XMLSchema-instance"
         xsi:schemaLocation="eml://ecoinformatics.org/eml-2.1.1 http://rs.gbif.org/schema/eml-gbif-profile/1.2/eml.xsd"
packageId="dad84e72-95f7-4709-b564-72a4429942b1"  system="http://gbif.org" scope="system"
xml:lang="en">

    <dataset>
            <alternateIdentifier>10.15468/f3fwoh</alternateIdentifier>
                <alternateIdentifier>https://collections.ala.org.au/public/show/dr1008</alternateIdentifier>
                <alternateIdentifier>3010eef7-676e-3f8c-a085-564153d8d3f6</alternateIdentifier>
                <alternateIdentifier>http://collections.ala.org.au/public/show/dr1008</alternateIdentifier>
                <alternateIdentifier>dad84e72-95f7-4709-b564-72a4429942b1</alternateIdentifier>
                <alternateIdentifier>d1388dee-df31-31a1-9282-482fd0e5b6d9</alternateIdentifier>
                <alternateIdentifier>47308cd4-0393-35de-a27c-b802d67be01e</alternateIdentifier>
        <title>The Great Koala Count South Australia</title>
            <creator>
<organizationName>The Great Koala Count South Australia</organizationName>            </creator>
            <metadataProvider>
<organizationName>The Great Koala Count South Australia</organizationName>            </metadataProvider>
            <associatedParty>
<organizationName>Atlas of Living Australia</organizationName>            <address>
<deliveryPoint>CSIRO Ecosystems Services</deliveryPoint><city>Canberra</city><administrativeArea>ACT</administrativeArea><postalCode>2601</postalCode><country>AUSTRALIA</country>            </address>
<electronicMailAddress>info@ala.org.au</electronicMailAddress>            <role>DISTRIBUTOR</role>
            </associatedParty>
            <pubDate>
                2019-09-26
            </pubDate>
        <language>ENGLISH</language>
            <abstract>
                    <para>The humble Australian koala was listed as an extinct animal in South Australia in the early 1900s, hounded from its home and shot on sight. In the 1930s researchers established colonies on Kangaroo Island to restore numbers, and now the state&amp;#39;s populations are all deratives from the colony. In the eastern states of Australia, the koala is listed as endangered as the urban sprawl continues to engulf their natural habitats. On Wednesday, 28 November 2012, you can help monitor the population of koalas in South Australia with our Great Koala Count</para>
            </abstract>
            <intellectualRights>
                    <para>This work is licensed under a <ulink url="http://creativecommons.org/licenses/by/4.0/legalcode"><citetitle>Creative Commons Attribution (CC-BY) 4.0 License</citetitle></ulink>.</para>
            </intellectualRights>
            <distribution scope="document">
                <online>
                    <url function="information">http://koalacount.ala.org.au/bdrs-core/koalacount/home.htm</url>
                </online>
            </distribution>
            <contact>
<organizationName>Atlas of Living Australia</organizationName>            <address>
<deliveryPoint>CSIRO Ecosystems Services</deliveryPoint><city>Canberra</city><administrativeArea>ACT</administrativeArea><postalCode>2601</postalCode><country>AUSTRALIA</country>            </address>
<electronicMailAddress>info@ala.org.au</electronicMailAddress>            </contact>
            <methods>
            </methods>

    </dataset>

    <additionalMetadata>
        <metadata>
            <gbif>
                <dateStamp>2024-08-09T05:44:47Z</dateStamp>
                <citation>Atlas of Living Australia (2019). The Great Koala Count South Australia. Occurrence dataset https://doi.org/10.15468/f3fwoh accessed via GBIF.org on 2024-08-09.</citation>
            </gbif>
        </metadata>
    </additionalMetadata>

</eml:eml>
