<?xml version="1.0" encoding="utf-8"?>
<eml:eml xmlns:eml="eml://ecoinformatics.org/eml-2.1.1" xmlns:xsi="http://www.w3.org/2001/XMLSchema-instance"
         xsi:schemaLocation="eml://ecoinformatics.org/eml-2.1.1 http://rs.gbif.org/schema/eml-gbif-profile/1.2/eml.xsd"
packageId="e3cf467a-9a31-4c9d-bea4-9ab279abd932"  system="http://gbif.org" scope="system"
xml:lang="en">

    <dataset>
            <alternateIdentifier>10.3853/j.0067-1975.48.1996.431</alternateIdentifier>
                <alternateIdentifier>e3cf467a-9a31-4c9d-bea4-9ab279abd932</alternateIdentifier>
                <alternateIdentifier>10.15468/9dvb99</alternateIdentifier>
                <alternateIdentifier>FFBEC11C3961FFD6FFC1FF91FFC1FF8B</alternateIdentifier>
        <title>A review of the genus Hexachaetoniella Paschoal in Australia (Acarina: Cryptostigmata: Pedrocortesellidae)</title>
            <creator>
            <individualName>
<givenName>Glenn S.</givenName>                    <surName>Hunt</surName>
            </individualName>
            </creator>
            <metadataProvider>
            <individualName>
                    <surName>felipe</surName>
            </individualName>
<organizationName>Plazi</organizationName>            </metadataProvider>
            <associatedParty>
<organizationName>Plazi</organizationName>            <address>
<city>Bern</city><country>SWITZERLAND</country>            </address>
<electronicMailAddress>info@plazi.org</electronicMailAddress><onlineUrl>https://plazi.org/</onlineUrl>            <role>PUBLISHER</role>
            </associatedParty>
            <pubDate>
                1996-12-11
            </pubDate>
        <language>ENGLISH</language>
            <abstract>
                    <para>This dataset contains the digitized treatments in Plazi based on the original journal article Hunt, Glenn S. (1996): A review of the genus Hexachaetoniella Paschoal in Australia (Acarina: Cryptostigmata: Pedrocortesellidae). Records of the Australian Museum 48 (3): 223-286, DOI: 10.3853/j.0067-1975.48.1996.431, URL: https://journals.australian.museum/hunt-1996-rec-aust-mus-483-287302/</para>
            </abstract>
            <intellectualRights>
                    <para>To the extent possible under law, the publisher has waived all rights to these data and has dedicated them to the <ulink url="http://creativecommons.org/publicdomain/zero/1.0/legalcode"><citetitle>Public Domain (CC0 1.0)</citetitle></ulink>. Users may copy, modify, distribute and use the work, including for commercial purposes, without restriction.</para>
            </intellectualRights>
            <distribution scope="document">
                <online>
                    <url function="information">https://tb.plazi.org/GgServer/summary/FFBEC11C3961FFD6FFC1FF91FFC1FF8B</url>
                </online>
            </distribution>
            <contact>
            <individualName>
<givenName>Guido</givenName>                    <surName>Sautter</surName>
            </individualName>
<electronicMailAddress>sautter@plazi.org</electronicMailAddress><onlineUrl>https://plazi.org</onlineUrl>            </contact>

    </dataset>

    <additionalMetadata>
        <metadata>
            <gbif>
                <dateStamp>2024-08-09T05:44:47Z</dateStamp>
                <citation>Hunt G S, felipe (1996). A review of the genus Hexachaetoniella Paschoal in Australia (Acarina: Cryptostigmata: Pedrocortesellidae). Plazi.org taxonomic treatments database. Checklist dataset https://doi.org/10.3853/j.0067-1975.48.1996.431 accessed via GBIF.org on 2024-08-09.</citation>
                    <bibliography>
                <citation>Hunt, Glenn S. (1996): A review of the genus Hexachaetoniella Paschoal in Australia (Acarina: Cryptostigmata: Pedrocortesellidae). Records of the Australian Museum 48 (3): 223-286, DOI: 10.3853/j.0067-1975.48.1996.431, URL: https://journals.australian.museum/hunt-1996-rec-aust-mus-483-287302/</citation>
                    </bibliography>
            </gbif>
        </metadata>
    </additionalMetadata>

</eml:eml>
