<?xml version="1.0" encoding="utf-8"?>
<eml:eml xmlns:eml="eml://ecoinformatics.org/eml-2.1.1" xmlns:xsi="http://www.w3.org/2001/XMLSchema-instance"
         xsi:schemaLocation="eml://ecoinformatics.org/eml-2.1.1 http://rs.gbif.org/schema/eml-gbif-profile/1.2/eml.xsd"
packageId="edb501e5-93b6-45b2-b2be-b4705587a78b"  system="http://gbif.org" scope="system"
xml:lang="en">

    <dataset>
            <alternateIdentifier>10.15468/96nqw6</alternateIdentifier>
                <alternateIdentifier>https://collections.ala.org.au/public/show/dr737</alternateIdentifier>
                <alternateIdentifier>6bef0acc-5d4b-3dd4-88b8-96664f3f27a8</alternateIdentifier>
                <alternateIdentifier>http://collections.ala.org.au/public/show/dr737</alternateIdentifier>
                <alternateIdentifier>edb501e5-93b6-45b2-b2be-b4705587a78b</alternateIdentifier>
                <alternateIdentifier>35649a3e-3117-3c22-b822-364c6a096d45</alternateIdentifier>
                <alternateIdentifier>bb7060aa-74c4-315d-9d76-47e2a74e83f2</alternateIdentifier>
        <title>Melbourne Water Frog Census</title>
            <creator>
<organizationName>Melbourne Water Frog Census</organizationName>            </creator>
            <metadataProvider>
<organizationName>Melbourne Water Frog Census</organizationName>            </metadataProvider>
            <associatedParty>
<organizationName>Atlas of Living Australia</organizationName>            <address>
<deliveryPoint>CSIRO Ecosystems Services</deliveryPoint><city>Canberra</city><administrativeArea>ACT</administrativeArea><postalCode>2601</postalCode><country>AUSTRALIA</country>            </address>
<electronicMailAddress>info@ala.org.au</electronicMailAddress>            <role>DISTRIBUTOR</role>
            </associatedParty>
            <pubDate>
                2021-07-22
            </pubDate>
        <language>ENGLISH</language>
            <abstract>
                    <para>The Frog Census is a community-based biological monitoring program which aims to contribute to the responsible management of frog populations in Melbourne and raise awareness of waterway health issues.</para>
            </abstract>
            <intellectualRights>
                    <para>This work is licensed under a <ulink url="http://creativecommons.org/licenses/by/4.0/legalcode"><citetitle>Creative Commons Attribution (CC-BY) 4.0 License</citetitle></ulink>.</para>
            </intellectualRights>
            <distribution scope="document">
                <online>
                    <url function="information">http://frogs.melbournewater.com.au/</url>
                </online>
            </distribution>
            <contact>
<organizationName>Atlas of Living Australia</organizationName>            <address>
<deliveryPoint>CSIRO Ecosystems Services</deliveryPoint><city>Canberra</city><administrativeArea>ACT</administrativeArea><postalCode>2601</postalCode><country>AUSTRALIA</country>            </address>
<electronicMailAddress>info@ala.org.au</electronicMailAddress>            </contact>
            <methods>
            </methods>

    </dataset>

    <additionalMetadata>
        <metadata>
            <gbif>
                <dateStamp>2024-08-09T05:44:47Z</dateStamp>
                <citation>Atlas of Living Australia (2021). Melbourne Water Frog Census. Occurrence dataset https://doi.org/10.15468/96nqw6 accessed via GBIF.org on 2024-08-09.</citation>
            </gbif>
        </metadata>
    </additionalMetadata>

</eml:eml>
