<?xml version="1.0" encoding="utf-8"?>
<eml:eml xmlns:eml="eml://ecoinformatics.org/eml-2.1.1" xmlns:xsi="http://www.w3.org/2001/XMLSchema-instance"
         xsi:schemaLocation="eml://ecoinformatics.org/eml-2.1.1 http://rs.gbif.org/schema/eml-gbif-profile/1.2/eml.xsd"
packageId="edd9ef2e-2229-406f-8dcc-4eab3cea3009"  system="http://gbif.org" scope="system"
xml:lang="en">

    <dataset>
            <alternateIdentifier>10.15468/qnry1l</alternateIdentifier>
                <alternateIdentifier>https://collections.ala.org.au/public/show/dr896</alternateIdentifier>
                <alternateIdentifier>0c070678-a0a7-3e30-a9f3-7a68cd11e1ce</alternateIdentifier>
                <alternateIdentifier>http://collections.ala.org.au/public/show/dr896</alternateIdentifier>
                <alternateIdentifier>edd9ef2e-2229-406f-8dcc-4eab3cea3009</alternateIdentifier>
                <alternateIdentifier>a0fed03f-b123-3673-b154-1be90c8d7942</alternateIdentifier>
                <alternateIdentifier>22b0c2d7-8cfa-36be-a16d-dd007960635d</alternateIdentifier>
        <title>Plume moths - ANIC</title>
            <creator>
<organizationName>Australian National Insect Collection, CSIRO</organizationName>            </creator>
            <metadataProvider>
<organizationName>Australian National Insect Collection, CSIRO</organizationName>            </metadataProvider>
            <associatedParty>
<organizationName>Atlas of Living Australia</organizationName>            <address>
<deliveryPoint>CSIRO Ecosystems Services</deliveryPoint><city>Canberra</city><administrativeArea>ACT</administrativeArea><postalCode>2601</postalCode><country>AUSTRALIA</country>            </address>
<electronicMailAddress>info@ala.org.au</electronicMailAddress>            <role>DISTRIBUTOR</role>
            </associatedParty>
            <pubDate>
                2019-09-26
            </pubDate>
        <language>ENGLISH</language>
            <intellectualRights>
                    <para>This work is licensed under a <ulink url="http://creativecommons.org/licenses/by/4.0/legalcode"><citetitle>Creative Commons Attribution (CC-BY) 4.0 License</citetitle></ulink>.</para>
            </intellectualRights>
            <distribution scope="document">
                <online>
                    <url function="information">http://volunteer.ala.org.au/project/index/122476</url>
                </online>
            </distribution>
            <contact>
            <individualName>
<givenName>Nicole</givenName>                    <surName>Fisher</surName>
            </individualName>
<positionName>ANIC Manager</positionName><phone>(02) 6246 4261</phone><electronicMailAddress>Nicole.Fisher@csiro.au</electronicMailAddress>            </contact>
            <methods>
            </methods>

    </dataset>

    <additionalMetadata>
        <metadata>
            <gbif>
                <dateStamp>2024-08-09T05:44:48Z</dateStamp>
                <citation>Commonwealth Scientific and Industrial Research Organisation (2019). Plume moths - ANIC. Occurrence dataset https://doi.org/10.15468/qnry1l accessed via GBIF.org on 2024-08-09.</citation>
                    <resourceLogoUrl>https://collections.ala.org.au/data/dataProvider/CSIRO_Grad_RGB_lr.jpg</resourceLogoUrl>
            </gbif>
        </metadata>
    </additionalMetadata>

</eml:eml>
