<?xml version="1.0" encoding="utf-8"?>
<eml:eml xmlns:eml="eml://ecoinformatics.org/eml-2.1.1" xmlns:xsi="http://www.w3.org/2001/XMLSchema-instance"
         xsi:schemaLocation="eml://ecoinformatics.org/eml-2.1.1 http://rs.gbif.org/schema/eml-gbif-profile/1.2/eml.xsd"
packageId="f38cc07c-49a8-4ca4-8882-5cdde1733c12"  system="http://gbif.org" scope="system"
xml:lang="en">

    <dataset>
            <alternateIdentifier>10.15468/etifyb</alternateIdentifier>
                <alternateIdentifier>https://collections.ala.org.au/public/show/dr2244</alternateIdentifier>
                <alternateIdentifier>44f7e05a-e124-3bfc-9906-19f62e746d2a</alternateIdentifier>
                <alternateIdentifier>http://collections.ala.org.au/public/show/dr2244</alternateIdentifier>
                <alternateIdentifier>f38cc07c-49a8-4ca4-8882-5cdde1733c12</alternateIdentifier>
                <alternateIdentifier>366a7efc-384a-39e5-9344-08cf3c5622d5</alternateIdentifier>
                <alternateIdentifier>e604740c-6337-3d88-9a02-2e1d5137fb7a</alternateIdentifier>
        <title>Sustainable Rivers Audit</title>
            <creator>
<organizationName>Sustainable Rivers Audit</organizationName>            </creator>
            <creator>
<organizationName>Murray-Darling Basin Authority</organizationName>            </creator>
            <metadataProvider>
<organizationName>Sustainable Rivers Audit</organizationName>            </metadataProvider>
            <associatedParty>
<organizationName>Atlas of Living Australia</organizationName>            <address>
<deliveryPoint>CSIRO Ecosystems Services</deliveryPoint><city>Canberra</city><administrativeArea>ACT</administrativeArea><postalCode>2601</postalCode><country>AUSTRALIA</country>            </address>
<electronicMailAddress>info@ala.org.au</electronicMailAddress>            <role>DISTRIBUTOR</role>
            </associatedParty>
            <pubDate>
                2019-09-26
            </pubDate>
        <language>ENGLISH</language>
            <abstract>
                    <para>The Sustainable Rivers Audit is the most comprehensive assessment of river health undertaken for the Murray?Darling Basin. It is an initiative of Basin governments coordinated on their behalf by the Murray?Darling Basin Authority. 

The Sustainable Rivers Audit fish and macroinvertebrate sampling database contains records of fish and macroinvertebrate abundance observed at hundreds of sites across the Basin?s 23 valleys.</para>
            </abstract>
            <intellectualRights>
                    <para>This work is licensed under a <ulink url="http://creativecommons.org/licenses/by/4.0/legalcode"><citetitle>Creative Commons Attribution (CC-BY) 4.0 License</citetitle></ulink>.</para>
            </intellectualRights>
            <distribution scope="document">
                <online>
                    <url function="information">http://data.gov.au/dataset/fishmacro2004to2015</url>
                </online>
            </distribution>
            <contact>
<organizationName>Atlas of Living Australia</organizationName>            <address>
<deliveryPoint>CSIRO Ecosystems Services</deliveryPoint><city>Canberra</city><administrativeArea>ACT</administrativeArea><postalCode>2601</postalCode><country>AUSTRALIA</country>            </address>
<electronicMailAddress>info@ala.org.au</electronicMailAddress>            </contact>
            <methods>
            </methods>

    </dataset>

    <additionalMetadata>
        <metadata>
            <gbif>
                <dateStamp>2024-08-09T05:44:48Z</dateStamp>
                <citation>Murray-Darling Basin Authority (2019). Sustainable Rivers Audit. Occurrence dataset https://doi.org/10.15468/etifyb accessed via GBIF.org on 2024-08-09.</citation>
            </gbif>
        </metadata>
    </additionalMetadata>

</eml:eml>
