<?xml version="1.0" encoding="utf-8"?>
<eml:eml xmlns:eml="eml://ecoinformatics.org/eml-2.1.1" xmlns:xsi="http://www.w3.org/2001/XMLSchema-instance"
         xsi:schemaLocation="eml://ecoinformatics.org/eml-2.1.1 http://rs.gbif.org/schema/eml-gbif-profile/1.2/eml.xsd"
packageId="0a6a9256-73be-4f7c-83af-a29db0a222c6"  system="http://gbif.org" scope="system"
xml:lang="en">

    <dataset>
            <alternateIdentifier>10.15468/ke838t</alternateIdentifier>
                <alternateIdentifier>https://collections.ala.org.au/public/show/dr4731</alternateIdentifier>
                <alternateIdentifier>4cd91815-b09e-3a57-93bc-fa32290899e4</alternateIdentifier>
                <alternateIdentifier>http://collections.ala.org.au/public/show/dr4731</alternateIdentifier>
                <alternateIdentifier>0a6a9256-73be-4f7c-83af-a29db0a222c6</alternateIdentifier>
                <alternateIdentifier>7d037def-aaff-3f2c-b0b3-93856a7d1f13</alternateIdentifier>
                <alternateIdentifier>bda39ff9-f7cd-310d-b2ef-aa1b65bff846</alternateIdentifier>
        <title>Murray-Darling Basin waterbird survey</title>
            <creator>
<organizationName>Murray-Darling Basin waterbird survey</organizationName>            </creator>
            <creator>
<organizationName>Murray-Darling Basin Authority</organizationName>            </creator>
            <metadataProvider>
<organizationName>Murray-Darling Basin waterbird survey</organizationName>            </metadataProvider>
            <associatedParty>
<organizationName>Atlas of Living Australia</organizationName>            <address>
<deliveryPoint>CSIRO Ecosystems Services</deliveryPoint><city>Canberra</city><administrativeArea>ACT</administrativeArea><postalCode>2601</postalCode><country>AUSTRALIA</country>            </address>
<electronicMailAddress>info@ala.org.au</electronicMailAddress>            <role>DISTRIBUTOR</role>
            </associatedParty>
            <pubDate>
                2019-09-26
            </pubDate>
        <language>ENGLISH</language>
            <abstract>
                    <para>The Murray?Darling Basin Authority?s waterbird survey is an annual aerial survey of waterbird populations and recruitment at 38 important wetland and river sites in the Murray?Darling Basin. The University of New South Wales is contracted to conduct the survey on the Murray-Darling Basin Authority?s behalf over 2014?2018. The University of New South Wales runs the survey through October and November each year.</para>
            </abstract>
            <intellectualRights>
                    <para>This work is licensed under a <ulink url="http://creativecommons.org/licenses/by/4.0/legalcode"><citetitle>Creative Commons Attribution (CC-BY) 4.0 License</citetitle></ulink>.</para>
            </intellectualRights>
            <distribution scope="document">
                <online>
                    <url function="information">https://data.gov.au/dataset/murray-darling-basin-waterbird-survey</url>
                </online>
            </distribution>
            <contact>
<organizationName>Atlas of Living Australia</organizationName>            <address>
<deliveryPoint>CSIRO Ecosystems Services</deliveryPoint><city>Canberra</city><administrativeArea>ACT</administrativeArea><postalCode>2601</postalCode><country>AUSTRALIA</country>            </address>
<electronicMailAddress>info@ala.org.au</electronicMailAddress>            </contact>
            <methods>
            </methods>

    </dataset>

    <additionalMetadata>
        <metadata>
            <gbif>
                <dateStamp>2023-08-14T23:44:17Z</dateStamp>
                <citation>Murray-Darling Basin Authority (2019). Murray-Darling Basin waterbird survey. Occurrence dataset https://doi.org/10.15468/ke838t accessed via GBIF.org on 2023-08-14.</citation>
            </gbif>
        </metadata>
    </additionalMetadata>

</eml:eml>
