<?xml version="1.0" encoding="utf-8"?>
<eml:eml xmlns:eml="eml://ecoinformatics.org/eml-2.1.1" xmlns:xsi="http://www.w3.org/2001/XMLSchema-instance"
         xsi:schemaLocation="eml://ecoinformatics.org/eml-2.1.1 http://rs.gbif.org/schema/eml-gbif-profile/1.2/eml.xsd"
packageId="7447a228-a4cf-414b-87e4-3aba15275580"  system="http://gbif.org" scope="system"
xml:lang="en">

    <dataset>
            <alternateIdentifier>10.15468/i1bc3o</alternateIdentifier>
                <alternateIdentifier>7447a228-a4cf-414b-87e4-3aba15275580</alternateIdentifier>
                <alternateIdentifier>https://collections.ala.org.au/public/show/dr714</alternateIdentifier>
                <alternateIdentifier>4def8f5b-d4af-3ac0-8cb8-440792021fc6</alternateIdentifier>
        <title>Gaia Guide</title>
            <creator>
<organizationName>Gaia Guide</organizationName>            </creator>
            <metadataProvider>
<organizationName>Gaia Guide</organizationName>            </metadataProvider>
            <associatedParty>
<organizationName>Atlas of Living Australia</organizationName>            <address>
<deliveryPoint>CSIRO Ecosystems Services</deliveryPoint><city>Canberra</city><administrativeArea>ACT</administrativeArea><postalCode>2601</postalCode><country>AUSTRALIA</country>            </address>
<electronicMailAddress>info@ala.org.au</electronicMailAddress>            <role>DISTRIBUTOR</role>
            </associatedParty>
            <pubDate>
                2019-09-26
            </pubDate>
        <language>ENGLISH</language>
            <abstract>
                    <para>Gaia Guide is intended to assist with in-the-field determinations of what group an observed specimen belongs to. To support this function, it includes descriptions of the possible groups that the specimen might belong to. Each description is comprised of a set of characteristics of the group.</para>
            </abstract>
            <intellectualRights>
                    <para>This work is licensed under a <ulink url="http://creativecommons.org/licenses/by/4.0/legalcode"><citetitle>Creative Commons Attribution (CC-BY) 4.0 License</citetitle></ulink>.</para>
            </intellectualRights>
            <distribution scope="document">
                <online>
                    <url function="information">http://www.gaiaguide.info</url>
                </online>
            </distribution>
            <contact>
<organizationName>Atlas of Living Australia</organizationName>            <address>
<deliveryPoint>CSIRO Ecosystems Services</deliveryPoint><city>Canberra</city><administrativeArea>ACT</administrativeArea><postalCode>2601</postalCode><country>AUSTRALIA</country>            </address>
<electronicMailAddress>info@ala.org.au</electronicMailAddress>            </contact>
            <methods>
            </methods>

    </dataset>

    <additionalMetadata>
        <metadata>
            <gbif>
                <dateStamp>2023-08-14T23:44:18Z</dateStamp>
                <citation>Atlas of Living Australia (2019). Gaia Guide. Occurrence dataset https://doi.org/10.15468/i1bc3o accessed via GBIF.org on 2023-08-14.</citation>
            </gbif>
        </metadata>
    </additionalMetadata>

</eml:eml>
