<?xml version="1.0" encoding="utf-8"?>
<eml:eml xmlns:eml="eml://ecoinformatics.org/eml-2.1.1" xmlns:xsi="http://www.w3.org/2001/XMLSchema-instance"
         xsi:schemaLocation="eml://ecoinformatics.org/eml-2.1.1 http://rs.gbif.org/schema/eml-gbif-profile/1.2/eml.xsd"
packageId="111e0f70-f27e-498f-89b4-bbf8464e7c35"  system="http://gbif.org" scope="system"
xml:lang="en">

    <dataset>
            <alternateIdentifier>10.15468/hng4x6</alternateIdentifier>
                <alternateIdentifier>111e0f70-f27e-498f-89b4-bbf8464e7c35</alternateIdentifier>
                <alternateIdentifier>https://collections.ala.org.au/public/show/dr19813</alternateIdentifier>
                <alternateIdentifier>e45d3904-f4f6-3062-859c-64b5b0c152e1</alternateIdentifier>
        <title>FeralScan</title>
            <creator>
<organizationName>FeralScan</organizationName>            </creator>
            <metadataProvider>
<organizationName>FeralScan</organizationName>            </metadataProvider>
            <associatedParty>
<organizationName>Atlas of Living Australia</organizationName>            <address>
<deliveryPoint>CSIRO Ecosystems Services</deliveryPoint><city>Canberra</city><administrativeArea>ACT</administrativeArea><postalCode>2601</postalCode><country>AUSTRALIA</country>            </address>
<electronicMailAddress>info@ala.org.au</electronicMailAddress>            <role>DISTRIBUTOR</role>
            </associatedParty>
            <pubDate>
                2023-07-01
            </pubDate>
        <language>ENGLISH</language>
            <abstract>
                    <para>FeralScan is a free resource for landholders, community groups, pest controllers, biosecurity groups and government organisations to monitor and record information about introduced pest animals. It provides both a citizen science tool and local pest management resource for the community.</para>
            </abstract>
            <additionalInfo>
                <para>Feral goat 10km
Feral pigs 10km
Feral deer 10km
Feral Cat 1km</para>
            </additionalInfo>
            <intellectualRights>
                    <para>This work is licensed under a <ulink url="http://creativecommons.org/licenses/by-nc/4.0/legalcode"><citetitle>Creative Commons Attribution Non Commercial (CC-BY-NC) 4.0 License</citetitle></ulink>.</para>
            </intellectualRights>
            <distribution scope="document">
                <online>
                    <url function="information">https://feralscan.org.au/</url>
                </online>
            </distribution>
            <contact>
<electronicMailAddress>feralscan@feralscan.org.au</electronicMailAddress>            </contact>
            <methods>
            </methods>

    </dataset>

    <additionalMetadata>
        <metadata>
            <gbif>
                <dateStamp>2024-06-24T06:04:21Z</dateStamp>
                <citation>FeralScan (2023). FeralScan. Occurrence dataset https://doi.org/10.15468/hng4x6 accessed via GBIF.org on 2024-06-24.</citation>
                    <resourceLogoUrl>https://collections.ala.org.au/data/dataResource/feralscanlogo2.JPG</resourceLogoUrl>
            </gbif>
        </metadata>
    </additionalMetadata>

</eml:eml>
