<?xml version="1.0" encoding="utf-8"?>
<eml:eml xmlns:eml="eml://ecoinformatics.org/eml-2.1.1" xmlns:xsi="http://www.w3.org/2001/XMLSchema-instance"
         xsi:schemaLocation="eml://ecoinformatics.org/eml-2.1.1 http://rs.gbif.org/schema/eml-gbif-profile/1.2/eml.xsd"
packageId="40c0f670-ee87-4576-be9d-2725e0b47035"  system="http://gbif.org" scope="system"
xml:lang="en">

    <dataset>
            <alternateIdentifier>10.15468/xsderl</alternateIdentifier>
                <alternateIdentifier>https://collections.ala.org.au/public/show/dr365</alternateIdentifier>
                <alternateIdentifier>12700fb5-2bb0-3a00-9054-0fecb9d95dad</alternateIdentifier>
                <alternateIdentifier>http://collections.ala.org.au/public/show/dr365</alternateIdentifier>
                <alternateIdentifier>40c0f670-ee87-4576-be9d-2725e0b47035</alternateIdentifier>
                <alternateIdentifier>ab97e487-e1de-3adb-8a50-0cca730a5eb3</alternateIdentifier>
                <alternateIdentifier>d1383d4d-049c-3d02-b180-60561b08d4cf</alternateIdentifier>
                <alternateIdentifier>12737</alternateIdentifier>
        <title>SA Fauna</title>
            <creator>
<organizationName>South Australia, Department for Environment and Water</organizationName>            </creator>
            <metadataProvider>
<organizationName>South Australia, Department for Environment and Water</organizationName>            </metadataProvider>
            <associatedParty>
<organizationName>Atlas of Living Australia</organizationName>            <address>
<deliveryPoint>CSIRO Ecosystems Services</deliveryPoint><city>Canberra</city><administrativeArea>ACT</administrativeArea><postalCode>2601</postalCode><country>AUSTRALIA</country>            </address>
<electronicMailAddress>info@ala.org.au</electronicMailAddress>            <role>DISTRIBUTOR</role>
            </associatedParty>
            <pubDate>
                2024-03-05
            </pubDate>
        <language>ENGLISH</language>
            <abstract>
                    <para>The flora and fauna data sets represent the spatial locations of flora and fauna species observation data maintained by DEW in the Biological Databases of South Australia.</para>
            </abstract>
            <additionalInfo>
                <para>- DEW provides advice as required on restrictions to sensitive records.
- DEW perform standard filtering of BDBSA data prior to release. These standard filters include records considered questionable due to location or taxonomic issues and sub fossil records</para>
            </additionalInfo>
            <intellectualRights>
                    <para>This work is licensed under a <ulink url="http://creativecommons.org/licenses/by/4.0/legalcode"><citetitle>Creative Commons Attribution (CC-BY) 4.0 License</citetitle></ulink>.</para>
            </intellectualRights>
            <distribution scope="document">
                <online>
                    <url function="information">https://www.environment.sa.gov.au/topics/science/information-and-data/biological-databases-of-south-australia</url>
                </online>
            </distribution>
            <contact>
            <individualName>
                    <surName>DEW Biological Data Support</surName>
            </individualName>
<positionName>editor</positionName><electronicMailAddress>DEWBioDataSupport@sa.gov.au</electronicMailAddress>            </contact>
            <methods>
            </methods>

    </dataset>

    <additionalMetadata>
        <metadata>
            <gbif>
                <dateStamp>2024-06-24T06:04:22Z</dateStamp>
                <citation>South Australia, Department for Environment and Water (2024). SA Fauna. Occurrence dataset https://doi.org/10.15468/xsderl accessed via GBIF.org on 2024-06-24.</citation>
                    <resourceLogoUrl>https://collections.ala.org.au/data/dataProvider/SA.png</resourceLogoUrl>
            </gbif>
        </metadata>
    </additionalMetadata>

</eml:eml>
