<?xml version="1.0" encoding="utf-8"?>
<eml:eml xmlns:eml="eml://ecoinformatics.org/eml-2.1.1" xmlns:xsi="http://www.w3.org/2001/XMLSchema-instance"
         xsi:schemaLocation="eml://ecoinformatics.org/eml-2.1.1 http://rs.gbif.org/schema/eml-gbif-profile/1.2/eml.xsd"
packageId="10.15468/dl.wwyq3w"  system="http://gbif.org" scope="system"
xml:lang="en">

    <dataset>
                <alternateIdentifier>0057643-240626123714530</alternateIdentifier>
        <title>GBIF Occurrence Download 10.15468/dl.wwyq3w</title>
            <creator>
            <individualName>
                    <surName>GBIF Download Service</surName>
            </individualName>
<electronicMailAddress>support@gbif.org</electronicMailAddress>            </creator>
            <metadataProvider>
            <individualName>
                    <surName>GBIF Download Service</surName>
            </individualName>
<electronicMailAddress>support@gbif.org</electronicMailAddress>            </metadataProvider>
            <pubDate>
                2024-08-09
            </pubDate>
        <language>ENGLISH</language>
            <abstract>
                    <para>A dataset containing all occurrences available in GBIF matching the query:
{
  &quot;and&quot; : [
    {
      &quot;and&quot; : [
        &quot;HasGeospatialIssue is false&quot;,
        &quot;HasCoordinate is true&quot;,
        {
          &quot;not&quot; : {
            &quot;BasisOfRecord&quot; : [
              &quot;is one of (Fossil, Living Specimen)&quot;
            ]
          }
        }
      ]
    },
    &quot;Geometry POLYGON ((140.5016 -34.31544, 140.7777 -34.31544, 140.7777 -34.03868, 140.5016 -34.03868, 140.5016 -34.31544))&quot;,
    &quot;Year is less than 2025&quot;
  ]
}
The dataset includes records from the following constituent datasets. The full metadata for each constituent is also included in this archive:
2 records from Fungimap
16321 records from International Barcode of Life project (iBOL)
5048 records from NSW BioNet Atlas
30 records from A global database for the distributions of crop wild relatives
101 records from NSW AVH feed
4 records from Phanerogamic Botanical Collections (S)
20 records from MVZ Herp Collection (Arctos)
98 records from Murray-Darling Basin waterbird survey
10 records from Echidna-CSI
7 records from Revisions of Australian ground-hunting spiders VI: five new stripe-less miturgid genera and 48 new species (Miturgidae: Miturginae)
141 records from Australian National Wildlife Collection provider for OZCAM
17 records from FeralScan
5 records from Auburn University, John D. Freeman Herbarium
174 records from AntWeb
13 records from Pl@ntNet automatically identified occurrences
440 records from Centre for Australian National Biodiversity Research (CANB) AVH data
3 records from Naturalis Biodiversity Center (NL) - Botany
117 records from TurtleSAT
457 records from FrogWatch SA
3 records from UTEP Plants (Arctos)
59 records from Murray-Darling Basin fish monitoring survey
103 records from NHMO Bird collection
9 records from Northern Territory Herbarium (DNA) AVH data
10120 records from SA Flora
457 records from Waite Insect and Nematode Collection
1 records from Naturalis Biodiversity Center (NL) - Odonata
14 records from Victorian Biodiversity Atlas
72 records from Museums Victoria provider for OZCAM
3 records from UMNH Reptiles and Amphibians Collection (Arctos)
1 records from ClimateWatch
20019 records from SA Fauna
24 records from Tasmanian Herbarium (HO) AVH data
447 records from Historical Bird Atlas
314 records from FrogID
15884 records from BirdLife Australia, Birdata
161 records from National Herbarium of Victoria (MEL) AVH data
23576 records from EOD – eBird Observation Dataset
3401 records from iNaturalist Research-grade Observations
6 records from Western Australian Herbarium (PERTH) AVH data
10 records from Australian Platypus Conservancy
1 records from Essig Museum of Entomology
51 records from BRI AVH Data and Images
2 records from New South Wales Plant Pathology and Mycology Herbarium  AVH data
1020 records from First Bird Atlas
9 records from CM Herps Collection
113 records from Northern Territory Museum and Art Gallery provider for OZCAM
5 records from Tropicos MO Specimen Data
27 records from Western Australian Museum provider for OZCAM
7 records from NatureMapr
1 records from Revision of the staphylinoid and ground-dwelling genus Carvalhoma Slater &amp; Gross (Insecta: Heteroptera: Miridae: Cylapinae) of Australia
20 records from NMNH Extant Specimen Records (USNM, US)
3 records from CSIC-Real Jardín Botánico-Colección de Plantas Vasculares (MA)
2 records from Auckland Museum Botany Collection
32 records from ALA species sightings and OzAtlas
4511 records from Biome of Australia Soil Environments
4 records from Vertebrate Zoology Division - Herpetology, Yale Peabody Museum
6 records from Mosquito Occurrence Dataset
41 records from Observation.org, Nature data from around the World
10 records from N.C.W. Beadle Herbarium (NE) AVH data
1 records from Moscow University Herbarium (MW)
2786 records from AD AVH Data
103 records from Queensland Museum provider for OZCAM
1316 records from Eremaea
16 records from Xeno-canto - Bird sounds from around the world
2 records from The vascular plants collection (P) at the Herbarium of the Muséum national d&apos;Histoire Naturelle (MNHN - Paris)
4 records from NatureShare
7 records from Meise Botanic Garden Herbarium (BR)
1 records from The Retrospective Analysis of Antarctic Tracking (Standardised) Data from the Scientific Committee on Antarctic Research
255 records from Australian National Insect Collection
3 records from European Molecular Biology Laboratory Australian Mirror
2 records from Botanical Database of Southern Africa (BODATSA): Botanical Collections
2 records from Queen Victoria Museum Art Gallery provider for OZCAM
1 records from USDA United States National Fungus Collections
1 records from Records from the South Australian Seed Conservation Centre
166 records from INSDC Sequences
23 records from The Great Koala Count South Australia
371 records from Australian Waterbird Surveys (1983-2018)
76 records from Australian Museum provider for OZCAM
16 records from Tropicos Specimens Non-MO
1369 records from Earth Guardians Weekly Feed
9 records from A review of the genus Hexachaetoniella Paschoal in Australia (Acarina: Cryptostigmata: Pedrocortesellidae)
1 records from La Trobe University Herbarium (LTB) AVH data
1 records from Melbourne Water Frog Census
1 records from Plume moths - ANIC
83 records from NSW DPI Biosecurity Collections
635 records from Sustainable Rivers Audit
693 records from South Australian Museum Adelaide provider for OZCAM</para>
            </abstract>
            <contact>
            <individualName>
                    <surName>GBIF Download Service</surName>
            </individualName>
<electronicMailAddress>support@gbif.org</electronicMailAddress>            </contact>

    </dataset>

    <additionalMetadata>
        <metadata>
            <gbif>
                <dateStamp>2024-08-09T05:44:48Z</dateStamp>
                <citation identifier="10.15468/dl.wwyq3w">GBIF Occurrence Download 10.15468/dl.wwyq3w</citation>
                    <physical>
                        <objectName>Darwin Core Archive</objectName>
                        <characterEncoding>UTF-8</characterEncoding>
                        <dataFormat>
                            <externallyDefinedFormat>
                                <formatName>Darwin Core Archive</formatName>
                            </externallyDefinedFormat>
                        </dataFormat>
                        <distribution>
                            <online>
                                <url function="download">https://api.gbif.org/v1/occurrence/download/request/0057643-240626123714530.zip</url>
                            </online>
                        </distribution>
                    </physical>
            </gbif>
        </metadata>
    </additionalMetadata>

</eml:eml>
