<?xml version="1.0" encoding="utf-8"?>
<eml:eml xmlns:eml="eml://ecoinformatics.org/eml-2.1.1" xmlns:xsi="http://www.w3.org/2001/XMLSchema-instance"
         xsi:schemaLocation="eml://ecoinformatics.org/eml-2.1.1 http://rs.gbif.org/schema/eml-gbif-profile/1.2/eml.xsd"
packageId="10.15468/dl.nuhpdj"  system="http://gbif.org" scope="system"
xml:lang="en">

    <dataset>
                <alternateIdentifier>0090102-240506114902167</alternateIdentifier>
        <title>GBIF Occurrence Download 10.15468/dl.nuhpdj</title>
            <creator>
            <individualName>
                    <surName>GBIF Download Service</surName>
            </individualName>
<electronicMailAddress>support@gbif.org</electronicMailAddress>            </creator>
            <metadataProvider>
            <individualName>
                    <surName>GBIF Download Service</surName>
            </individualName>
<electronicMailAddress>support@gbif.org</electronicMailAddress>            </metadataProvider>
            <pubDate>
                2024-06-24
            </pubDate>
        <language>ENGLISH</language>
            <abstract>
                    <para>A dataset containing all occurrences available in GBIF matching the query:
{
  &quot;and&quot; : [
    {
      &quot;and&quot; : [
        &quot;HasGeospatialIssue is false&quot;,
        &quot;HasCoordinate is true&quot;,
        {
          &quot;not&quot; : {
            &quot;BasisOfRecord&quot; : [
              &quot;is one of (Fossil, Living Specimen)&quot;
            ]
          }
        },
        &quot;Year is greater than or equal to 2022&quot;
      ]
    },
    &quot;Geometry POLYGON ((139.3653 -35.05474, 140.555 -35.05474, 140.555 -34.04465, 139.3653 -34.04465, 139.3653 -35.05474))&quot;
  ]
}
The dataset includes records from the following constituent datasets. The full metadata for each constituent is also included in this archive:
1 records from ALA species sightings and OzAtlas
5 records from Western Australian Museum provider for OZCAM
356 records from FrogWatch SA
10 records from South Australian Museum Adelaide provider for OZCAM
25336 records from EOD – eBird Observation Dataset
53 records from FeralScan
7 records from Xeno-canto - Bird sounds from around the world
720 records from SA Flora
4 records from Echidna-CSI
37 records from Earth Guardians Weekly Feed
51 records from National Herbarium of Victoria (MEL) AVH data
3 records from Observation.org, Nature data from around the World
11 records from Australian Platypus Conservancy
11 records from Pl@ntNet automatically identified occurrences
1 records from NSW BioNet Atlas
2 records from AD AVH Data
175 records from TurtleSAT
3223 records from SA Fauna
4404 records from iNaturalist Research-grade Observations</para>
            </abstract>
            <contact>
            <individualName>
                    <surName>GBIF Download Service</surName>
            </individualName>
<electronicMailAddress>support@gbif.org</electronicMailAddress>            </contact>

    </dataset>

    <additionalMetadata>
        <metadata>
            <gbif>
                <dateStamp>2024-06-24T06:04:23Z</dateStamp>
                <citation identifier="10.15468/dl.nuhpdj">GBIF Occurrence Download 10.15468/dl.nuhpdj</citation>
                    <physical>
                        <objectName>Darwin Core Archive</objectName>
                        <characterEncoding>UTF-8</characterEncoding>
                        <dataFormat>
                            <externallyDefinedFormat>
                                <formatName>Darwin Core Archive</formatName>
                            </externallyDefinedFormat>
                        </dataFormat>
                        <distribution>
                            <online>
                                <url function="download">https://api.gbif.org/v1/occurrence/download/request/0090102-240506114902167.zip</url>
                            </online>
                        </distribution>
                    </physical>
            </gbif>
        </metadata>
    </additionalMetadata>

</eml:eml>
